batch_id,function_name,action,target,min_args,max_args,test_cell,test_formula,expected_text,setup,test_cell_2,test_formula_2,expected_text_2,setup_2,implemented_in_code,handler,file_path
1,ABS,implemented,,,,,,,,,,,,yes,fn_abs,/Users/maxwittenberg/Desktop/dagger_excel/excel_thorobid/Dagger_IronCalc/base/src/functions/mathematical.rs
1,ACCRINT,accrint_basic,,,,A1,"=ACCRINT(1,2,37,0.1,100,1,0)",1,,,,,,no,,
1,ACCRINTM,accrintm_basic,,,,A1,"=ACCRINTM(1,37,0.1,100,0)",1,,,,,,no,,
1,ACOS,implemented,,,,,,,,,,,,yes,fn_acos,/Users/maxwittenberg/Desktop/dagger_excel/excel_thorobid/Dagger_IronCalc/base/src/functions/mathematical.rs
1,ACOSH,implemented,,,,,,,,,,,,yes,fn_acosh,/Users/maxwittenberg/Desktop/dagger_excel/excel_thorobid/Dagger_IronCalc/base/src/functions/mathematical.rs
1,ACOT,implemented,,,,,,,,,,,,yes,fn_acot,/Users/maxwittenberg/Desktop/dagger_excel/excel_thorobid/Dagger_IronCalc/base/src/functions/mathematical.rs
1,ACOTH,implemented,,,,,,,,,,,,yes,fn_acoth,/Users/maxwittenberg/Desktop/dagger_excel/excel_thorobid/Dagger_IronCalc/base/src/functions/mathematical.rs
1,ADD,alias_sum,Sum,2,,A1,"=ADD(1,2,3)",6,,A2,=ADD(1),#ERROR!,,no,,
1,ADDRESS,address_basic,,,,A1,"=ADDRESS(2,3)",$C$2,,A2,"=ADDRESS(2,3,4)",C2,,no,,
1,AGGREGATE,aggregate_basic,,,,A1,"=AGGREGATE(9,0,1,2,3)",6,,A2,"=AGGREGATE(1,0,1,2,3)",2,,no,,
1,AMORDEGRC,amordegrc_basic,,,,A1,"=AMORDEGRC(1000,1,2,100,2,0.1)",81,,,,,,no,,
1,AMORLINC,amorlinc_basic,,,,A1,"=AMORLINC(1000,1,2,100,2,0.1)",90,,,,,,no,,
1,AND,implemented,,,,,,,,,,,,yes,fn_and,/Users/maxwittenberg/Desktop/dagger_excel/excel_thorobid/Dagger_IronCalc/base/src/functions/logical.rs
1,ARABIC,implemented,,,,,,,,,,,,yes,fn_arabic,/Users/maxwittenberg/Desktop/dagger_excel/excel_thorobid/Dagger_IronCalc/base/src/functions/mathematical.rs
1,AREAS,areas_simple,,1,1,B1,=AREAS(A1:A2),1,A1=1;A2=2,,,,,no,,
1,ARRAYFORMULA,passthrough,,1,1,A1,=ARRAYFORMULA(1+2),3,,,,,,no,,
1,ARRAY_CONSTRAIN,array_constrain,,,,A1,"=SUM(ARRAY_CONSTRAIN({1,2;3,4;5,6},2,1))",4,,,,,,no,,
1,ASC,asc,,,,A1,"=ASC(""ＡＢＣ"")",ABC,,,,,,no,,
1,ASIN,implemented,,,,,,,,,,,,yes,fn_asin,/Users/maxwittenberg/Desktop/dagger_excel/excel_thorobid/Dagger_IronCalc/base/src/functions/mathematical.rs
1,ASINH,implemented,,,,,,,,,,,,yes,fn_asinh,/Users/maxwittenberg/Desktop/dagger_excel/excel_thorobid/Dagger_IronCalc/base/src/functions/mathematical.rs
1,ATAN,implemented,,,,,,,,,,,,yes,fn_atan,/Users/maxwittenberg/Desktop/dagger_excel/excel_thorobid/Dagger_IronCalc/base/src/functions/mathematical.rs
1,ATAN2,implemented,,,,,,,,,,,,yes,fn_atan2,/Users/maxwittenberg/Desktop/dagger_excel/excel_thorobid/Dagger_IronCalc/base/src/functions/mathematical.rs
1,ATANH,implemented,,,,,,,,,,,,yes,fn_atanh,/Users/maxwittenberg/Desktop/dagger_excel/excel_thorobid/Dagger_IronCalc/base/src/functions/mathematical.rs
1,AVEDEV,implemented,,,,,,,,,,,,yes,fn_avedev,/Users/maxwittenberg/Desktop/dagger_excel/excel_thorobid/Dagger_IronCalc/base/src/functions/statistical/count_and_average.rs
1,AVERAGE,implemented,,,,,,,,,,,,yes,fn_average,/Users/maxwittenberg/Desktop/dagger_excel/excel_thorobid/Dagger_IronCalc/base/src/functions/statistical/count_and_average.rs
1,AVERAGE.WEIGHTED,average_weighted,,,,A1,"=AVERAGE.WEIGHTED({10,20,30},{1,2,3})",23.333333333,,,,,,no,,
1,AVERAGEA,implemented,,,,,,,,,,,,yes,fn_averagea,/Users/maxwittenberg/Desktop/dagger_excel/excel_thorobid/Dagger_IronCalc/base/src/functions/statistical/count_and_average.rs
1,AVERAGEIF,implemented,,,,,,,,,,,,yes,fn_averageif,/Users/maxwittenberg/Desktop/dagger_excel/excel_thorobid/Dagger_IronCalc/base/src/functions/statistical/if_ifs.rs
1,AVERAGEIFS,implemented,,,,,,,,,,,,yes,fn_averageifs,/Users/maxwittenberg/Desktop/dagger_excel/excel_thorobid/Dagger_IronCalc/base/src/functions/statistical/if_ifs.rs
1,BAHTTEXT,bahttext_basic,,,,A1,=BAHTTEXT(123),123 BAHT,,,,,,no,,
1,BASE,implemented,,,,,,,,,,,,yes,fn_base,/Users/maxwittenberg/Desktop/dagger_excel/excel_thorobid/Dagger_IronCalc/base/src/functions/mathematical.rs
1,BESSELI,implemented,,,,,,,,,,,,yes,fn_besseli,/Users/maxwittenberg/Desktop/dagger_excel/excel_thorobid/Dagger_IronCalc/base/src/functions/engineering/bessel.rs
1,BESSELJ,implemented,,,,,,,,,,,,yes,fn_besselj,/Users/maxwittenberg/Desktop/dagger_excel/excel_thorobid/Dagger_IronCalc/base/src/functions/engineering/bessel.rs
1,BESSELK,implemented,,,,,,,,,,,,yes,fn_besselk,/Users/maxwittenberg/Desktop/dagger_excel/excel_thorobid/Dagger_IronCalc/base/src/functions/engineering/bessel.rs
1,BESSELY,implemented,,,,,,,,,,,,yes,fn_bessely,/Users/maxwittenberg/Desktop/dagger_excel/excel_thorobid/Dagger_IronCalc/base/src/functions/engineering/bessel.rs
1,BETA.DIST,implemented,,,,,,,,,,,,yes,fn_beta_dist,/Users/maxwittenberg/Desktop/dagger_excel/excel_thorobid/Dagger_IronCalc/base/src/functions/statistical/beta.rs
1,BETA.INV,implemented,,,,,,,,,,,,yes,fn_beta_inv,/Users/maxwittenberg/Desktop/dagger_excel/excel_thorobid/Dagger_IronCalc/base/src/functions/statistical/beta.rs
1,BETA.INVN,alias_beta_inv,BetaInv,3,,A1,"=BETA.INVN(0.5,2,2,0,1)",0.5,,,,,,no,,
1,BIN2DEC,implemented,,,,,,,,,,,,yes,fn_bin2dec,/Users/maxwittenberg/Desktop/dagger_excel/excel_thorobid/Dagger_IronCalc/base/src/functions/engineering/number_basis.rs
1,BIN2HEX,implemented,,,,,,,,,,,,yes,fn_bin2hex,/Users/maxwittenberg/Desktop/dagger_excel/excel_thorobid/Dagger_IronCalc/base/src/functions/engineering/number_basis.rs
2,BIN2OCT,implemented,,,,,,,,,,,,yes,fn_bin2oct,/Users/maxwittenberg/Desktop/dagger_excel/excel_thorobid/Dagger_IronCalc/base/src/functions/engineering/number_basis.rs
2,BINOM.DIST,implemented,,,,,,,,,,,,yes,fn_binom_dist,/Users/maxwittenberg/Desktop/dagger_excel/excel_thorobid/Dagger_IronCalc/base/src/functions/statistical/binom.rs
2,BINOM.DIST.RANGE,implemented,,,,,,,,,,,,yes,fn_binom_dist_range,/Users/maxwittenberg/Desktop/dagger_excel/excel_thorobid/Dagger_IronCalc/base/src/functions/statistical/binom.rs
2,BINOM.INV,implemented,,,,,,,,,,,,yes,fn_binom_inv,/Users/maxwittenberg/Desktop/dagger_excel/excel_thorobid/Dagger_IronCalc/base/src/functions/statistical/binom.rs
2,BITAND,implemented,,,,,,,,,,,,yes,fn_bitand,/Users/maxwittenberg/Desktop/dagger_excel/excel_thorobid/Dagger_IronCalc/base/src/functions/engineering/bit_operations.rs
2,BITLSHIFT,implemented,,,,,,,,,,,,yes,fn_bitlshift,/Users/maxwittenberg/Desktop/dagger_excel/excel_thorobid/Dagger_IronCalc/base/src/functions/engineering/bit_operations.rs
2,BITOR,implemented,,,,,,,,,,,,yes,fn_bitor,/Users/maxwittenberg/Desktop/dagger_excel/excel_thorobid/Dagger_IronCalc/base/src/functions/engineering/bit_operations.rs
2,BITRSHIFT,implemented,,,,,,,,,,,,yes,fn_bitrshift,/Users/maxwittenberg/Desktop/dagger_excel/excel_thorobid/Dagger_IronCalc/base/src/functions/engineering/bit_operations.rs
2,BITXOR,implemented,,,,,,,,,,,,yes,fn_bitxor,/Users/maxwittenberg/Desktop/dagger_excel/excel_thorobid/Dagger_IronCalc/base/src/functions/engineering/bit_operations.rs
2,BYCOL,bycol_basic,,,,A1,"=BYCOL(A1:B2,1)",#N/IMPL!,,,,,,no,,
2,BYROW,byrow_basic,,,,A1,"=BYROW(A1:B2,1)",#N/IMPL!,,,,,,no,,
2,CALL,call_basic,,,,A1,=CALL(1),#N/IMPL!,,,,,,no,,
2,CEILING,implemented,,,,,,,,,,,,yes,fn_ceiling,/Users/maxwittenberg/Desktop/dagger_excel/excel_thorobid/Dagger_IronCalc/base/src/functions/mathematical.rs
2,CEILING.MATH,implemented,,,,,,,,,,,,yes,fn_ceiling_math,/Users/maxwittenberg/Desktop/dagger_excel/excel_thorobid/Dagger_IronCalc/base/src/functions/mathematical.rs
2,CEILING.PRECISE,implemented,,,,,,,,,,,,yes,fn_ceiling_precise,/Users/maxwittenberg/Desktop/dagger_excel/excel_thorobid/Dagger_IronCalc/base/src/functions/mathematical.rs
2,CELL,implemented,,,,,,,,,,,,yes,fn_cell,/Users/maxwittenberg/Desktop/dagger_excel/excel_thorobid/Dagger_IronCalc/base/src/functions/information.rs
2,CHAR,char_basic,,,,A1,=CHAR(65),A,,,,,,no,,
2,CHISQ.DIST,implemented,,,,,,,,,,,,yes,fn_chisq_dist,/Users/maxwittenberg/Desktop/dagger_excel/excel_thorobid/Dagger_IronCalc/base/src/functions/statistical/chisq.rs
2,CHISQ.DIST.RT,implemented,,,,,,,,,,,,yes,fn_chisq_dist_rt,/Users/maxwittenberg/Desktop/dagger_excel/excel_thorobid/Dagger_IronCalc/base/src/functions/statistical/chisq.rs
2,CHISQ.INV,implemented,,,,,,,,,,,,yes,fn_chisq_inv,/Users/maxwittenberg/Desktop/dagger_excel/excel_thorobid/Dagger_IronCalc/base/src/functions/statistical/chisq.rs
2,CHISQ.INV.RT,implemented,,,,,,,,,,,,yes,fn_chisq_inv_rt,/Users/maxwittenberg/Desktop/dagger_excel/excel_thorobid/Dagger_IronCalc/base/src/functions/statistical/chisq.rs
2,CHISQ.TEST,implemented,,,,,,,,,,,,yes,fn_chisq_test,/Users/maxwittenberg/Desktop/dagger_excel/excel_thorobid/Dagger_IronCalc/base/src/functions/statistical/chisq.rs
2,CHOOSE,implemented,,,,,,,,,,,,yes,fn_choose,/Users/maxwittenberg/Desktop/dagger_excel/excel_thorobid/Dagger_IronCalc/base/src/functions/lookup_and_reference.rs
2,CHOOSECOLS,choosecols_basic,,,,A1,"=SUM(CHOOSECOLS({1,2;3,4},2))",6,,A2,"=SUM(CHOOSECOLS({1,2,3;4,5,6},-1))",9,,no,,
2,CHOOSEROWS,chooserows_basic,,,,A1,"=SUM(CHOOSEROWS({1,2;3,4},2))",7,,A2,"=SUM(CHOOSEROWS({1,2;3,4},-1))",7,,no,,
2,CLEAN,clean_basic,,,,A1,"=CLEAN(""A"")",A,,,,,,no,,
2,CODE,code_basic,,,,A1,"=CODE(""A"")",65,,,,,,no,,
2,COLUMN,implemented,,,,,,,,,,,,yes,fn_column,/Users/maxwittenberg/Desktop/dagger_excel/excel_thorobid/Dagger_IronCalc/base/src/functions/lookup_and_reference.rs
2,COLUMNS,implemented,,,,,,,,,,,,yes,fn_columns,/Users/maxwittenberg/Desktop/dagger_excel/excel_thorobid/Dagger_IronCalc/base/src/functions/lookup_and_reference.rs
2,COMBIN,implemented,,,,,,,,,,,,yes,fn_combin,/Users/maxwittenberg/Desktop/dagger_excel/excel_thorobid/Dagger_IronCalc/base/src/functions/mathematical.rs
2,COMBINA,implemented,,,,,,,,,,,,yes,fn_combina,/Users/maxwittenberg/Desktop/dagger_excel/excel_thorobid/Dagger_IronCalc/base/src/functions/mathematical.rs
2,COMPLEX,implemented,,,,,,,,,,,,yes,fn_complex,/Users/maxwittenberg/Desktop/dagger_excel/excel_thorobid/Dagger_IronCalc/base/src/functions/engineering/complex.rs
2,CONCAT,implemented,,,,,,,,,,,,yes,fn_concat,/Users/maxwittenberg/Desktop/dagger_excel/excel_thorobid/Dagger_IronCalc/base/src/functions/text.rs
2,CONCATENATE,implemented,,,,,,,,,,,,yes,fn_concatenate,/Users/maxwittenberg/Desktop/dagger_excel/excel_thorobid/Dagger_IronCalc/base/src/functions/text.rs
2,CONFIDENCE.NORM,implemented,,,,,,,,,,,,yes,fn_confidence_norm,/Users/maxwittenberg/Desktop/dagger_excel/excel_thorobid/Dagger_IronCalc/base/src/functions/statistical/normal.rs
2,CONFIDENCE.T,implemented,,,,,,,,,,,,yes,fn_confidence_t,/Users/maxwittenberg/Desktop/dagger_excel/excel_thorobid/Dagger_IronCalc/base/src/functions/statistical/normal.rs
2,CONVERT,implemented,,,,,,,,,,,,yes,fn_convert,/Users/maxwittenberg/Desktop/dagger_excel/excel_thorobid/Dagger_IronCalc/base/src/functions/engineering/convert.rs
2,COPILOT,copilot_basic,,,,A1,=COPILOT(1),#N/IMPL!,,,,,,no,,
2,CORREL,implemented,,,,,,,,,,,,yes,fn_correl,/Users/maxwittenberg/Desktop/dagger_excel/excel_thorobid/Dagger_IronCalc/base/src/functions/statistical/correl.rs
2,COS,implemented,,,,,,,,,,,,yes,fn_cos,/Users/maxwittenberg/Desktop/dagger_excel/excel_thorobid/Dagger_IronCalc/base/src/functions/mathematical.rs
3,COSH,implemented,,,,,,,,,,,,yes,fn_cosh,/Users/maxwittenberg/Desktop/dagger_excel/excel_thorobid/Dagger_IronCalc/base/src/functions/mathematical.rs
3,COT,implemented,,,,,,,,,,,,yes,fn_cot,/Users/maxwittenberg/Desktop/dagger_excel/excel_thorobid/Dagger_IronCalc/base/src/functions/mathematical.rs
3,COTH,implemented,,,,,,,,,,,,yes,fn_coth,/Users/maxwittenberg/Desktop/dagger_excel/excel_thorobid/Dagger_IronCalc/base/src/functions/mathematical.rs
3,COUNT,implemented,,,,,,,,,,,,yes,fn_count,/Users/maxwittenberg/Desktop/dagger_excel/excel_thorobid/Dagger_IronCalc/base/src/functions/statistical/count_and_average.rs
3,COUNTA,implemented,,,,,,,,,,,,yes,fn_counta,/Users/maxwittenberg/Desktop/dagger_excel/excel_thorobid/Dagger_IronCalc/base/src/functions/statistical/count_and_average.rs
3,COUNTBLANK,implemented,,,,,,,,,,,,yes,fn_countblank,/Users/maxwittenberg/Desktop/dagger_excel/excel_thorobid/Dagger_IronCalc/base/src/functions/statistical/count_and_average.rs
3,COUNTIF,implemented,,,,,,,,,,,,yes,fn_countif,/Users/maxwittenberg/Desktop/dagger_excel/excel_thorobid/Dagger_IronCalc/base/src/functions/statistical/if_ifs.rs
3,COUNTIFS,implemented,,,,,,,,,,,,yes,fn_countifs,/Users/maxwittenberg/Desktop/dagger_excel/excel_thorobid/Dagger_IronCalc/base/src/functions/statistical/if_ifs.rs
3,COUNTUNIQUE,countunique,,,,B1,=COUNTUNIQUE(A1:A4),3,A1=1;A2=2;A3=2;A4=3,,,,,no,,
3,COUPDAYBS,coupon_basic,,,,A1,"=COUPDAYBS(1,2,1)",#N/IMPL!,,,,,,no,,
3,COUPDAYS,coupon_basic,,,,A1,"=COUPDAYS(1,2,1)",#N/IMPL!,,,,,,no,,
3,COUPDAYSNC,coupon_basic,,,,A1,"=COUPDAYSNC(1,2,1)",#N/IMPL!,,,,,,no,,
3,COUPNCD,coupon_basic,,,,A1,"=COUPNCD(1,2,1)",#N/IMPL!,,,,,,no,,
3,COUPNUM,coupon_basic,,,,A1,"=COUPNUM(1,2,1)",#N/IMPL!,,,,,,no,,
3,COUPPCD,coupon_basic,,,,A1,"=COUPPCD(1,2,1)",#N/IMPL!,,,,,,no,,
3,COVARIANCE.P,implemented,,,,,,,,,,,,yes,fn_covariance_p,/Users/maxwittenberg/Desktop/dagger_excel/excel_thorobid/Dagger_IronCalc/base/src/functions/statistical/covariance.rs
3,COVARIANCE.S,implemented,,,,,,,,,,,,yes,fn_covariance_s,/Users/maxwittenberg/Desktop/dagger_excel/excel_thorobid/Dagger_IronCalc/base/src/functions/statistical/covariance.rs
3,CRITBINOM,alias_binom_inv,,,,A1,"=CRITBINOM(10,0.5,0.5)",5,,,,,,no,,
3,CSC,implemented,,,,,,,,,,,,yes,fn_csc,/Users/maxwittenberg/Desktop/dagger_excel/excel_thorobid/Dagger_IronCalc/base/src/functions/mathematical.rs
3,CSCH,implemented,,,,,,,,,,,,yes,fn_csch,/Users/maxwittenberg/Desktop/dagger_excel/excel_thorobid/Dagger_IronCalc/base/src/functions/mathematical.rs
3,CUBEKPIMEMBER,cube_basic,,,,A1,=CUBEKPIMEMBER(1),#N/IMPL!,,,,,,no,,
3,CUBEMEMBER,cube_basic,,,,A1,=CUBEMEMBER(1),#N/IMPL!,,,,,,no,,
3,CUBEMEMBERPROPERTY,cube_basic,,,,A1,=CUBEMEMBERPROPERTY(1),#N/IMPL!,,,,,,no,,
3,CUBERANKEDMEMBER,cube_basic,,,,A1,=CUBERANKEDMEMBER(1),#N/IMPL!,,,,,,no,,
3,CUBESET,cube_basic,,,,A1,=CUBESET(1),#N/IMPL!,,,,,,no,,
3,CUBESETCOUNT,cube_basic,,,,A1,=CUBESETCOUNT(1),#N/IMPL!,,,,,,no,,
3,CUBEVALUE,cube_basic,,,,A1,=CUBEVALUE(1),#N/IMPL!,,,,,,no,,
3,CUMIPMT,implemented,,,,,,,,,,,,yes,fn_cumipmt,/Users/maxwittenberg/Desktop/dagger_excel/excel_thorobid/Dagger_IronCalc/base/src/functions/financial.rs
3,CUMPRINC,implemented,,,,,,,,,,,,yes,fn_cumprinc,/Users/maxwittenberg/Desktop/dagger_excel/excel_thorobid/Dagger_IronCalc/base/src/functions/financial.rs
3,DATE,implemented,,,,,,,,,,,,yes,fn_date,/Users/maxwittenberg/Desktop/dagger_excel/excel_thorobid/Dagger_IronCalc/base/src/functions/date_and_time.rs
3,DATEDIF,implemented,,,,,,,,,,,,yes,fn_datedif,/Users/maxwittenberg/Desktop/dagger_excel/excel_thorobid/Dagger_IronCalc/base/src/functions/date_and_time.rs
3,DATEVALUE,implemented,,,,,,,,,,,,yes,fn_datevalue,/Users/maxwittenberg/Desktop/dagger_excel/excel_thorobid/Dagger_IronCalc/base/src/functions/date_and_time.rs
3,DAVERAGE,implemented,,,,,,,,,,,,yes,fn_daverage,/Users/maxwittenberg/Desktop/dagger_excel/excel_thorobid/Dagger_IronCalc/base/src/functions/database.rs
3,DAY,implemented,,,,,,,,,,,,yes,fn_day,/Users/maxwittenberg/Desktop/dagger_excel/excel_thorobid/Dagger_IronCalc/base/src/functions/date_and_time.rs
3,DAYS,implemented,,,,,,,,,,,,yes,fn_days,/Users/maxwittenberg/Desktop/dagger_excel/excel_thorobid/Dagger_IronCalc/base/src/functions/date_and_time.rs
3,DAYS360,implemented,,,,,,,,,,,,yes,fn_days360,/Users/maxwittenberg/Desktop/dagger_excel/excel_thorobid/Dagger_IronCalc/base/src/functions/date_and_time.rs
3,DB,implemented,,,,,,,,,,,,yes,fn_db,/Users/maxwittenberg/Desktop/dagger_excel/excel_thorobid/Dagger_IronCalc/base/src/functions/financial.rs
3,DBCS,dbcs,,,,A1,"=DBCS(""ABC"")",ＡＢＣ,,,,,,no,,
3,DCOUNT,implemented,,,,,,,,,,,,yes,fn_dcount,/Users/maxwittenberg/Desktop/dagger_excel/excel_thorobid/Dagger_IronCalc/base/src/functions/database.rs
3,DCOUNTA,implemented,,,,,,,,,,,,yes,fn_dcounta,/Users/maxwittenberg/Desktop/dagger_excel/excel_thorobid/Dagger_IronCalc/base/src/functions/database.rs
4,DDB,implemented,,,,,,,,,,,,yes,fn_ddb,/Users/maxwittenberg/Desktop/dagger_excel/excel_thorobid/Dagger_IronCalc/base/src/functions/financial.rs
4,DEC2BIN,implemented,,,,,,,,,,,,yes,fn_dec2bin,/Users/maxwittenberg/Desktop/dagger_excel/excel_thorobid/Dagger_IronCalc/base/src/functions/engineering/number_basis.rs
4,DEC2HEX,implemented,,,,,,,,,,,,yes,fn_dec2hex,/Users/maxwittenberg/Desktop/dagger_excel/excel_thorobid/Dagger_IronCalc/base/src/functions/engineering/number_basis.rs
4,DEC2OCT,implemented,,,,,,,,,,,,yes,fn_dec2oct,/Users/maxwittenberg/Desktop/dagger_excel/excel_thorobid/Dagger_IronCalc/base/src/functions/engineering/number_basis.rs
4,DECIMAL,implemented,,,,,,,,,,,,yes,fn_decimal,/Users/maxwittenberg/Desktop/dagger_excel/excel_thorobid/Dagger_IronCalc/base/src/functions/mathematical.rs
4,DEGREES,implemented,,,,,,,,,,,,yes,fn_degrees,/Users/maxwittenberg/Desktop/dagger_excel/excel_thorobid/Dagger_IronCalc/base/src/functions/mathematical.rs
4,DELTA,implemented,,,,,,,,,,,,yes,fn_delta,/Users/maxwittenberg/Desktop/dagger_excel/excel_thorobid/Dagger_IronCalc/base/src/functions/engineering/misc.rs
4,DETECTLANGUAGE,detectlanguage_basic,,,,A1,"=DETECTLANGUAGE(""Hello"")",en,,,,,,no,,
4,DEVSQ,implemented,,,,,,,,,,,,yes,fn_devsq,/Users/maxwittenberg/Desktop/dagger_excel/excel_thorobid/Dagger_IronCalc/base/src/functions/statistical/devsq.rs
4,DGET,implemented,,,,,,,,,,,,yes,fn_dget,/Users/maxwittenberg/Desktop/dagger_excel/excel_thorobid/Dagger_IronCalc/base/src/functions/database.rs
4,DISC,disc_basic,,,,A1,"=DISC(1,361,50,100)",0.5,,,,,,no,,
4,DIVIDE,divide_basic,,,,A1,"=DIVIDE(10,2)",5,,A2,"=DIVIDE(1,0)",#DIV/0!,,no,,
4,DMAX,implemented,,,,,,,,,,,,yes,fn_dmax,/Users/maxwittenberg/Desktop/dagger_excel/excel_thorobid/Dagger_IronCalc/base/src/functions/database.rs
4,DMIN,implemented,,,,,,,,,,,,yes,fn_dmin,/Users/maxwittenberg/Desktop/dagger_excel/excel_thorobid/Dagger_IronCalc/base/src/functions/database.rs
4,DOLLAR,dollar_basic,,,,A1,=DOLLAR(1234.5),"$1,234.50",,A2,"=DOLLAR(1.236,1)",$1.2,,no,,
4,DOLLARDE,implemented,,,,,,,,,,,,yes,fn_dollarde,/Users/maxwittenberg/Desktop/dagger_excel/excel_thorobid/Dagger_IronCalc/base/src/functions/financial.rs
4,DOLLARFR,implemented,,,,,,,,,,,,yes,fn_dollarfr,/Users/maxwittenberg/Desktop/dagger_excel/excel_thorobid/Dagger_IronCalc/base/src/functions/financial.rs
4,DPRODUCT,implemented,,,,,,,,,,,,yes,fn_dproduct,/Users/maxwittenberg/Desktop/dagger_excel/excel_thorobid/Dagger_IronCalc/base/src/functions/database.rs
4,DROP,drop_basic,,,,A1,"=SUM(DROP({1,2;3,4},1,1))",4,,A2,"=SUM(DROP({1,2;3,4},-1,-1))",1,,no,,
4,DSTDEV,implemented,,,,,,,,,,,,yes,fn_dstdev,/Users/maxwittenberg/Desktop/dagger_excel/excel_thorobid/Dagger_IronCalc/base/src/functions/database.rs
4,DSTDEVP,implemented,,,,,,,,,,,,yes,fn_dstdevp,/Users/maxwittenberg/Desktop/dagger_excel/excel_thorobid/Dagger_IronCalc/base/src/functions/database.rs
4,DSUM,implemented,,,,,,,,,,,,yes,fn_dsum,/Users/maxwittenberg/Desktop/dagger_excel/excel_thorobid/Dagger_IronCalc/base/src/functions/database.rs
4,DURATION,duration_basic,,,,A1,"=DURATION(1,2,0.1,0.1,1)",#N/IMPL!,,,,,,no,,
4,DVAR,implemented,,,,,,,,,,,,yes,fn_dvar,/Users/maxwittenberg/Desktop/dagger_excel/excel_thorobid/Dagger_IronCalc/base/src/functions/database.rs
4,DVARP,implemented,,,,,,,,,,,,yes,fn_dvarp,/Users/maxwittenberg/Desktop/dagger_excel/excel_thorobid/Dagger_IronCalc/base/src/functions/database.rs
4,EDATE,implemented,,,,,,,,,,,,yes,fn_edate,/Users/maxwittenberg/Desktop/dagger_excel/excel_thorobid/Dagger_IronCalc/base/src/functions/date_and_time.rs
4,EFFECT,implemented,,,,,,,,,,,,yes,fn_effect,/Users/maxwittenberg/Desktop/dagger_excel/excel_thorobid/Dagger_IronCalc/base/src/functions/financial.rs
4,ENCODEURL,encodeurl_basic,,,,A1,"=ENCODEURL(""https://example.com/hello world"")",https%3A%2F%2Fexample.com%2Fhello%20world,,,,,,no,,
4,EOMONTH,implemented,,,,,,,,,,,,yes,fn_eomonth,/Users/maxwittenberg/Desktop/dagger_excel/excel_thorobid/Dagger_IronCalc/base/src/functions/date_and_time.rs
4,EPOCHTODATE,epochtodate_basic,,,,A1,=EPOCHTODATE(0),25569,,A2,=EPOCHTODATE(86400),25570,,no,,
4,EQ,eq_basic,,,,A1,"=EQ(1,1)",TRUE,,A2,"=EQ(1,2)",FALSE,,no,,
4,ERF,implemented,,,,,,,,,,,,yes,fn_erf,/Users/maxwittenberg/Desktop/dagger_excel/excel_thorobid/Dagger_IronCalc/base/src/functions/engineering/bessel.rs
4,ERF.PRECISE,implemented,,,,,,,,,,,,yes,fn_erfprecise,/Users/maxwittenberg/Desktop/dagger_excel/excel_thorobid/Dagger_IronCalc/base/src/functions/engineering/bessel.rs
4,ERFC,implemented,,,,,,,,,,,,yes,fn_erfc,/Users/maxwittenberg/Desktop/dagger_excel/excel_thorobid/Dagger_IronCalc/base/src/functions/engineering/bessel.rs
4,ERFC.PRECISE,implemented,,,,,,,,,,,,yes,fn_erfcprecise,/Users/maxwittenberg/Desktop/dagger_excel/excel_thorobid/Dagger_IronCalc/base/src/functions/engineering/bessel.rs
4,ERROR.TYPE,implemented,,,,,,,,,,,,yes,fn_errortype,/Users/maxwittenberg/Desktop/dagger_excel/excel_thorobid/Dagger_IronCalc/base/src/functions/information.rs
4,EUROCONVERT,euroconvert_basic,,,,A1,"=EUROCONVERT(1,""EUR"",""USD"")",#N/IMPL!,,,,,,no,,
4,EVEN,implemented,,,,,,,,,,,,yes,fn_even,/Users/maxwittenberg/Desktop/dagger_excel/excel_thorobid/Dagger_IronCalc/base/src/functions/mathematical.rs
4,EXACT,implemented,,,,,,,,,,,,yes,fn_exact,/Users/maxwittenberg/Desktop/dagger_excel/excel_thorobid/Dagger_IronCalc/base/src/functions/text.rs
4,EXP,implemented,,,,,,,,,,,,yes,fn_exp,/Users/maxwittenberg/Desktop/dagger_excel/excel_thorobid/Dagger_IronCalc/base/src/functions/mathematical.rs
5,EXPAND,expand_basic,,,,A1,"=SUM(EXPAND({1,2},2,3,0))",3,,,,,,no,,
5,EXPON.DIST,implemented,,,,,,,,,,,,yes,fn_expon_dist,/Users/maxwittenberg/Desktop/dagger_excel/excel_thorobid/Dagger_IronCalc/base/src/functions/statistical/exponential.rs
5,F.DIST,implemented,,,,,,,,,,,,yes,fn_f_dist,/Users/maxwittenberg/Desktop/dagger_excel/excel_thorobid/Dagger_IronCalc/base/src/functions/statistical/fisher.rs
5,F.DIST.RT,implemented,,,,,,,,,,,,yes,fn_f_dist_rt,/Users/maxwittenberg/Desktop/dagger_excel/excel_thorobid/Dagger_IronCalc/base/src/functions/statistical/fisher.rs
5,F.INV,implemented,,,,,,,,,,,,yes,fn_f_inv,/Users/maxwittenberg/Desktop/dagger_excel/excel_thorobid/Dagger_IronCalc/base/src/functions/statistical/fisher.rs
5,F.INV.RT,implemented,,,,,,,,,,,,yes,fn_f_inv_rt,/Users/maxwittenberg/Desktop/dagger_excel/excel_thorobid/Dagger_IronCalc/base/src/functions/statistical/fisher.rs
5,F.TEST,implemented,,,,,,,,,,,,yes,fn_f_test,/Users/maxwittenberg/Desktop/dagger_excel/excel_thorobid/Dagger_IronCalc/base/src/functions/statistical/fisher.rs
5,FACT,implemented,,,,,,,,,,,,yes,fn_fact,/Users/maxwittenberg/Desktop/dagger_excel/excel_thorobid/Dagger_IronCalc/base/src/functions/mathematical.rs
5,FACTDOUBLE,implemented,,,,,,,,,,,,yes,fn_factdouble,/Users/maxwittenberg/Desktop/dagger_excel/excel_thorobid/Dagger_IronCalc/base/src/functions/mathematical.rs
5,FALSE,implemented,,,,,,,,,,,,yes,fn_false,/Users/maxwittenberg/Desktop/dagger_excel/excel_thorobid/Dagger_IronCalc/base/src/functions/logical.rs
5,FILTER,filter_basic,,,,C1,"=SUM(FILTER(A1:A3,B1:B3))",4,A1=1;A2=2;A3=3;B1=TRUE;B2=FALSE;B3=TRUE,,,,,no,,
5,FILTERXML,filterxml_basic,,,,A1,"=FILTERXML(""<a>1</a>"",""//a"")",#N/IMPL!,,,,,,no,,
5,FIND,implemented,,,,,,,,,,,,yes,fn_find,/Users/maxwittenberg/Desktop/dagger_excel/excel_thorobid/Dagger_IronCalc/base/src/functions/text.rs
5,FINDB,alias_find,,,,A1,"=FINDB(""b"",""abc"")",2,,,,,,no,,
5,FISHER,implemented,,,,,,,,,,,,yes,fn_fisher,/Users/maxwittenberg/Desktop/dagger_excel/excel_thorobid/Dagger_IronCalc/base/src/functions/statistical/fisher.rs
5,FISHERINV,implemented,,,,,,,,,,,,yes,fn_fisher_inv,/Users/maxwittenberg/Desktop/dagger_excel/excel_thorobid/Dagger_IronCalc/base/src/functions/statistical/fisher.rs
5,FIXED,fixed_basic,,,,A1,"=FIXED(1234.567,2,FALSE)","1,234.57",,,,,,no,,
5,FLATTEN,flatten_basic,,,,A1,"=SUM(FLATTEN({1,2;3,4}))",10,,,,,,no,,
5,FLOOR,implemented,,,,,,,,,,,,yes,fn_floor,/Users/maxwittenberg/Desktop/dagger_excel/excel_thorobid/Dagger_IronCalc/base/src/functions/mathematical.rs
5,FLOOR.MATH,implemented,,,,,,,,,,,,yes,fn_floor_math,/Users/maxwittenberg/Desktop/dagger_excel/excel_thorobid/Dagger_IronCalc/base/src/functions/mathematical.rs
5,FLOOR.PRECISE,implemented,,,,,,,,,,,,yes,fn_floor_precise,/Users/maxwittenberg/Desktop/dagger_excel/excel_thorobid/Dagger_IronCalc/base/src/functions/mathematical.rs
5,FORECAST,forecast_basic,,,,C1,"=FORECAST(4,A1:A3,B1:B3)",4,A1=1;A2=2;A3=3;B1=1;B2=2;B3=3,,,,,no,,
5,FORECAST.ETS,forecast_ets_basic,,,,A1,"=FORECAST.ETS(1,1,1)",#N/IMPL!,,,,,,no,,
5,FORECAST.ETS.CONFINT,forecast_ets_confint_basic,,,,A1,"=FORECAST.ETS.CONFINT(1,1,1,1)",#N/IMPL!,,,,,,no,,
5,FORECAST.ETS.SEASONALITY,forecast_ets_seasonality_basic,,,,A1,"=FORECAST.ETS.SEASONALITY(1,1,1)",#N/IMPL!,,,,,,no,,
5,FORECAST.ETS.STAT,forecast_ets_stat_basic,,,,A1,"=FORECAST.ETS.STAT(1,1,1,1,1)",#N/IMPL!,,,,,,no,,
5,FORECAST.LINEAR,forecast_linear_basic,,,,C1,"=FORECAST.LINEAR(5,A1:A3,B1:B3)",5,A1=1;A2=2;A3=3;B1=1;B2=2;B3=3,,,,,no,,
5,FORMULATEXT,implemented,,,,,,,,,,,,yes,fn_formulatext,/Users/maxwittenberg/Desktop/dagger_excel/excel_thorobid/Dagger_IronCalc/base/src/functions/lookup_and_reference.rs
5,FREQUENCY,frequency_basic,,,,A1,"=SUM(FREQUENCY({1,2,3,4,5},{2,4}))",5,,,,,,no,,
5,FTEST,implemented,,,,,,,,,,,,yes,fn_f_test,/Users/maxwittenberg/Desktop/dagger_excel/excel_thorobid/Dagger_IronCalc/base/src/functions/statistical/fisher.rs
5,FV,implemented,,,,,,,,,,,,yes,fn_fv,/Users/maxwittenberg/Desktop/dagger_excel/excel_thorobid/Dagger_IronCalc/base/src/functions/financial.rs
5,FVSCHEDULE,fvschedule_basic,,,,A1,"=FVSCHEDULE(100,{0.1,0.2})",132,,,,,,no,,
5,GAMMA,implemented,,,,,,,,,,,,yes,fn_gamma,/Users/maxwittenberg/Desktop/dagger_excel/excel_thorobid/Dagger_IronCalc/base/src/functions/statistical/gamma.rs
5,GAMMA.DIST,implemented,,,,,,,,,,,,yes,fn_gamma_dist,/Users/maxwittenberg/Desktop/dagger_excel/excel_thorobid/Dagger_IronCalc/base/src/functions/statistical/gamma.rs
5,GAMMA.INV,implemented,,,,,,,,,,,,yes,fn_gamma_inv,/Users/maxwittenberg/Desktop/dagger_excel/excel_thorobid/Dagger_IronCalc/base/src/functions/statistical/gamma.rs
5,GAMMADIST,implemented,,,,,,,,,,,,yes,fn_gamma_dist,/Users/maxwittenberg/Desktop/dagger_excel/excel_thorobid/Dagger_IronCalc/base/src/functions/statistical/gamma.rs
5,GAMMAINV,implemented,,,,,,,,,,,,yes,fn_gamma_inv,/Users/maxwittenberg/Desktop/dagger_excel/excel_thorobid/Dagger_IronCalc/base/src/functions/statistical/gamma.rs
5,GAMMALN,implemented,,,,,,,,,,,,yes,fn_gamma_ln,/Users/maxwittenberg/Desktop/dagger_excel/excel_thorobid/Dagger_IronCalc/base/src/functions/statistical/gamma.rs
5,GAMMALN.PRECISE,implemented,,,,,,,,,,,,yes,fn_gamma_ln_precise,/Users/maxwittenberg/Desktop/dagger_excel/excel_thorobid/Dagger_IronCalc/base/src/functions/statistical/gamma.rs
5,GAUSS,implemented,,,,,,,,,,,,yes,fn_gauss,/Users/maxwittenberg/Desktop/dagger_excel/excel_thorobid/Dagger_IronCalc/base/src/functions/statistical/gauss.rs
6,GCD,implemented,,,,,,,,,,,,yes,fn_gcd,/Users/maxwittenberg/Desktop/dagger_excel/excel_thorobid/Dagger_IronCalc/base/src/functions/mathematical.rs
6,GEOMEAN,implemented,,,,,,,,,,,,yes,fn_geomean,/Users/maxwittenberg/Desktop/dagger_excel/excel_thorobid/Dagger_IronCalc/base/src/functions/statistical/geomean.rs
6,GESTEP,implemented,,,,,,,,,,,,yes,fn_gestep,/Users/maxwittenberg/Desktop/dagger_excel/excel_thorobid/Dagger_IronCalc/base/src/functions/engineering/misc.rs
6,GETPIVOTDATA,getpivotdata_basic,,,,A1,=GETPIVOTDATA(1),#N/IMPL!,,,,,,no,,
6,GOOGLEFINANCE,googlefinance_basic,,,,A1,"=GOOGLEFINANCE(""AAPL"")",#N/IMPL!,,,,,,no,,
6,GOOGLETRANSLATE,googletranslate_basic,,,,A1,"=GOOGLETRANSLATE(""Hello"",""en"",""es"")",#N/IMPL!,,,,,,no,,
6,GROUPBY,groupby_basic,,,,A1,"=GROUPBY(A1:B2,1)",#N/IMPL!,,,,,,no,,
6,GROWTH,growth_basic,,,,A1,"=GROWTH(A1:A3,B1:B3,4)",#N/IMPL!,A1=1;A2=2;A3=3;B1=1;B2=2;B3=3,,,,,no,,
6,GT,gt_basic,,,,A1,"=GT(5,3)",TRUE,,A2,"=GT(2,2)",FALSE,,no,,
6,GTE,gte_basic,,,,A1,"=GTE(2,2)",TRUE,,A2,"=GTE(1,2)",FALSE,,no,,
6,HARMEAN,implemented,,,,,,,,,,,,yes,fn_harmean,/Users/maxwittenberg/Desktop/dagger_excel/excel_thorobid/Dagger_IronCalc/base/src/functions/statistical/count_and_average.rs
6,HEX2BIN,implemented,,,,,,,,,,,,yes,fn_hex2bin,/Users/maxwittenberg/Desktop/dagger_excel/excel_thorobid/Dagger_IronCalc/base/src/functions/engineering/number_basis.rs
6,HEX2DEC,implemented,,,,,,,,,,,,yes,fn_hex2dec,/Users/maxwittenberg/Desktop/dagger_excel/excel_thorobid/Dagger_IronCalc/base/src/functions/engineering/number_basis.rs
6,HEX2OCT,implemented,,,,,,,,,,,,yes,fn_hex2oct,/Users/maxwittenberg/Desktop/dagger_excel/excel_thorobid/Dagger_IronCalc/base/src/functions/engineering/number_basis.rs
6,HLOOKUP,implemented,,,,,,,,,,,,yes,fn_hlookup,/Users/maxwittenberg/Desktop/dagger_excel/excel_thorobid/Dagger_IronCalc/base/src/functions/lookup_and_reference.rs
6,HOUR,implemented,,,,,,,,,,,,yes,fn_hour,/Users/maxwittenberg/Desktop/dagger_excel/excel_thorobid/Dagger_IronCalc/base/src/functions/date_and_time.rs
6,HSTACK,hstack_basic,,,,A1,"=SUM(HSTACK({1,2},{3,4}))",10,,A2,"=SUM(HSTACK({1,2;3,4},{5,6;7,8}))",36,,no,,
6,HYPERLINK,hyperlink_basic,,,,A1,"=HYPERLINK(""https://example.com"",""Example"")",Example,,A2,"=HYPERLINK(""https://example.com"")",https://example.com,,no,,
6,HYPGEOM.DIST,implemented,,,,,,,,,,,,yes,fn_hyp_geom_dist,/Users/maxwittenberg/Desktop/dagger_excel/excel_thorobid/Dagger_IronCalc/base/src/functions/statistical/hypegeom.rs
6,HYPGEOMDIST,implemented,,,,,,,,,,,,yes,fn_hyp_geom_dist,/Users/maxwittenberg/Desktop/dagger_excel/excel_thorobid/Dagger_IronCalc/base/src/functions/statistical/hypegeom.rs
6,IF,implemented,,,,,,,,,,,,yes,fn_if,/Users/maxwittenberg/Desktop/dagger_excel/excel_thorobid/Dagger_IronCalc/base/src/functions/logical.rs
6,IFERROR,implemented,,,,,,,,,,,,yes,fn_iferror,/Users/maxwittenberg/Desktop/dagger_excel/excel_thorobid/Dagger_IronCalc/base/src/functions/logical.rs
6,IFNA,implemented,,,,,,,,,,,,yes,fn_ifna,/Users/maxwittenberg/Desktop/dagger_excel/excel_thorobid/Dagger_IronCalc/base/src/functions/logical.rs
6,IFS,implemented,,,,,,,,,,,,yes,fn_ifs,/Users/maxwittenberg/Desktop/dagger_excel/excel_thorobid/Dagger_IronCalc/base/src/functions/logical.rs
6,IMABS,implemented,,,,,,,,,,,,yes,fn_imabs,/Users/maxwittenberg/Desktop/dagger_excel/excel_thorobid/Dagger_IronCalc/base/src/functions/engineering/complex.rs
6,IMAGE,image_basic,,,,A1,"=IMAGE(""https://example.com/image.png"")",https://example.com/image.png,,,,,,no,,
6,IMAGINARY,implemented,,,,,,,,,,,,yes,fn_imaginary,/Users/maxwittenberg/Desktop/dagger_excel/excel_thorobid/Dagger_IronCalc/base/src/functions/engineering/complex.rs
6,IMARGUMENT,implemented,,,,,,,,,,,,yes,fn_imargument,/Users/maxwittenberg/Desktop/dagger_excel/excel_thorobid/Dagger_IronCalc/base/src/functions/engineering/complex.rs
6,IMCONJUGATE,implemented,,,,,,,,,,,,yes,fn_imconjugate,/Users/maxwittenberg/Desktop/dagger_excel/excel_thorobid/Dagger_IronCalc/base/src/functions/engineering/complex.rs
6,IMCOS,implemented,,,,,,,,,,,,yes,fn_imcos,/Users/maxwittenberg/Desktop/dagger_excel/excel_thorobid/Dagger_IronCalc/base/src/functions/engineering/complex.rs
6,IMCOSH,implemented,,,,,,,,,,,,yes,fn_imcosh,/Users/maxwittenberg/Desktop/dagger_excel/excel_thorobid/Dagger_IronCalc/base/src/functions/engineering/complex.rs
6,IMCOT,implemented,,,,,,,,,,,,yes,fn_imcot,/Users/maxwittenberg/Desktop/dagger_excel/excel_thorobid/Dagger_IronCalc/base/src/functions/engineering/complex.rs
6,IMCOTH,imcoth_basic,,,,A1,=IMCOTH(1),#N/IMPL!,,,,,,no,,
6,IMCSC,implemented,,,,,,,,,,,,yes,fn_imcsc,/Users/maxwittenberg/Desktop/dagger_excel/excel_thorobid/Dagger_IronCalc/base/src/functions/engineering/complex.rs
6,IMCSCH,implemented,,,,,,,,,,,,yes,fn_imcsch,/Users/maxwittenberg/Desktop/dagger_excel/excel_thorobid/Dagger_IronCalc/base/src/functions/engineering/complex.rs
6,IMDIV,implemented,,,,,,,,,,,,yes,fn_imdiv,/Users/maxwittenberg/Desktop/dagger_excel/excel_thorobid/Dagger_IronCalc/base/src/functions/engineering/complex.rs
6,IMEXP,implemented,,,,,,,,,,,,yes,fn_imexp,/Users/maxwittenberg/Desktop/dagger_excel/excel_thorobid/Dagger_IronCalc/base/src/functions/engineering/complex.rs
6,IMLN,implemented,,,,,,,,,,,,yes,fn_imln,/Users/maxwittenberg/Desktop/dagger_excel/excel_thorobid/Dagger_IronCalc/base/src/functions/engineering/complex.rs
6,IMLOG,imlog_basic,,,,A1,=IMLOG(1),#N/IMPL!,,,,,,no,,
6,IMLOG10,implemented,,,,,,,,,,,,yes,fn_imlog10,/Users/maxwittenberg/Desktop/dagger_excel/excel_thorobid/Dagger_IronCalc/base/src/functions/engineering/complex.rs
7,IMLOG2,implemented,,,,,,,,,,,,yes,fn_imlog2,/Users/maxwittenberg/Desktop/dagger_excel/excel_thorobid/Dagger_IronCalc/base/src/functions/engineering/complex.rs
7,IMPORTDATA,importdata_basic,,,,A1,"=IMPORTDATA(""https://example.com"")",#N/IMPL!,,,,,,no,,
7,IMPORTFEED,importfeed_basic,,,,A1,"=IMPORTFEED(""https://example.com"")",#N/IMPL!,,,,,,no,,
7,IMPORTHTML,importhtml_basic,,,,A1,"=IMPORTHTML(""https://example.com"",""table"",1)",#N/IMPL!,,,,,,no,,
7,IMPORTRANGE,importrange_basic,,,,A1,"=IMPORTRANGE(""key"",""Sheet1!A1"")",#N/IMPL!,,,,,,no,,
7,IMPORTXML,importxml_basic,,,,A1,"=IMPORTXML(""https://example.com"",""//a"")",#N/IMPL!,,,,,,no,,
7,IMPOWER,implemented,,,,,,,,,,,,yes,fn_impower,/Users/maxwittenberg/Desktop/dagger_excel/excel_thorobid/Dagger_IronCalc/base/src/functions/engineering/complex.rs
7,IMPRODUCT,implemented,,,,,,,,,,,,yes,fn_improduct,/Users/maxwittenberg/Desktop/dagger_excel/excel_thorobid/Dagger_IronCalc/base/src/functions/engineering/complex.rs
7,IMREAL,implemented,,,,,,,,,,,,yes,fn_imreal,/Users/maxwittenberg/Desktop/dagger_excel/excel_thorobid/Dagger_IronCalc/base/src/functions/engineering/complex.rs
7,IMSEC,implemented,,,,,,,,,,,,yes,fn_imsec,/Users/maxwittenberg/Desktop/dagger_excel/excel_thorobid/Dagger_IronCalc/base/src/functions/engineering/complex.rs
7,IMSECH,implemented,,,,,,,,,,,,yes,fn_imsech,/Users/maxwittenberg/Desktop/dagger_excel/excel_thorobid/Dagger_IronCalc/base/src/functions/engineering/complex.rs
7,IMSIN,implemented,,,,,,,,,,,,yes,fn_imsin,/Users/maxwittenberg/Desktop/dagger_excel/excel_thorobid/Dagger_IronCalc/base/src/functions/engineering/complex.rs
7,IMSINH,implemented,,,,,,,,,,,,yes,fn_imsinh,/Users/maxwittenberg/Desktop/dagger_excel/excel_thorobid/Dagger_IronCalc/base/src/functions/engineering/complex.rs
7,IMSQRT,implemented,,,,,,,,,,,,yes,fn_imsqrt,/Users/maxwittenberg/Desktop/dagger_excel/excel_thorobid/Dagger_IronCalc/base/src/functions/engineering/complex.rs
7,IMSUB,implemented,,,,,,,,,,,,yes,fn_imsub,/Users/maxwittenberg/Desktop/dagger_excel/excel_thorobid/Dagger_IronCalc/base/src/functions/engineering/complex.rs
7,IMSUM,implemented,,,,,,,,,,,,yes,fn_imsum,/Users/maxwittenberg/Desktop/dagger_excel/excel_thorobid/Dagger_IronCalc/base/src/functions/engineering/complex.rs
7,IMTAN,implemented,,,,,,,,,,,,yes,fn_imtan,/Users/maxwittenberg/Desktop/dagger_excel/excel_thorobid/Dagger_IronCalc/base/src/functions/engineering/complex.rs
7,IMTANH,imtanh_basic,,,,A1,=IMTANH(1),#N/IMPL!,,,,,,no,,
7,INDEX,implemented,,,,,,,,,,,,yes,fn_index,/Users/maxwittenberg/Desktop/dagger_excel/excel_thorobid/Dagger_IronCalc/base/src/functions/lookup_and_reference.rs
7,INDIRECT,implemented,,,,,,,,,,,,yes,fn_indirect,/Users/maxwittenberg/Desktop/dagger_excel/excel_thorobid/Dagger_IronCalc/base/src/functions/lookup_and_reference.rs
7,INFO,implemented,,,,,,,,,,,,yes,fn_info,/Users/maxwittenberg/Desktop/dagger_excel/excel_thorobid/Dagger_IronCalc/base/src/functions/information.rs
7,INT,implemented,,,,,,,,,,,,yes,fn_int,/Users/maxwittenberg/Desktop/dagger_excel/excel_thorobid/Dagger_IronCalc/base/src/functions/mathematical.rs
7,INTERCEPT,implemented,,,,,,,,,,,,yes,fn_intercept,/Users/maxwittenberg/Desktop/dagger_excel/excel_thorobid/Dagger_IronCalc/base/src/functions/statistical/correl.rs
7,INTRATE,intrate_basic,,,,A1,"=INTRATE(1,361,98,100)",0.020408163,,,,,,no,,
7,IPMT,implemented,,,,,,,,,,,,yes,fn_ipmt,/Users/maxwittenberg/Desktop/dagger_excel/excel_thorobid/Dagger_IronCalc/base/src/functions/financial.rs
7,IRR,implemented,,,,,,,,,,,,yes,fn_irr,/Users/maxwittenberg/Desktop/dagger_excel/excel_thorobid/Dagger_IronCalc/base/src/functions/financial.rs
7,ISBETWEEN,isbetween_basic,,,,A1,"=ISBETWEEN(5,1,10)",TRUE,,A2,"=ISBETWEEN(5,1,4)",FALSE,,no,,
7,ISBLANK,implemented,,,,,,,,,,,,yes,fn_isblank,/Users/maxwittenberg/Desktop/dagger_excel/excel_thorobid/Dagger_IronCalc/base/src/functions/information.rs
7,ISDATE,isdate_basic,,,,A1,"=ISDATE(""2024-02-29"")",TRUE,,A2,"=ISDATE(""not a date"")",FALSE,,no,,
7,ISEMAIL,isemail_basic,,,,A1,"=ISEMAIL(""test@example.com"")",TRUE,,A2,"=ISEMAIL(""bad-email"")",FALSE,,no,,
7,ISERR,implemented,,,,,,,,,,,,yes,fn_iserr,/Users/maxwittenberg/Desktop/dagger_excel/excel_thorobid/Dagger_IronCalc/base/src/functions/information.rs
7,ISERROR,implemented,,,,,,,,,,,,yes,fn_iserror,/Users/maxwittenberg/Desktop/dagger_excel/excel_thorobid/Dagger_IronCalc/base/src/functions/information.rs
7,ISEVEN,implemented,,,,,,,,,,,,yes,fn_iseven,/Users/maxwittenberg/Desktop/dagger_excel/excel_thorobid/Dagger_IronCalc/base/src/functions/information.rs
7,ISFORMULA,implemented,,,,,,,,,,,,yes,fn_isformula,/Users/maxwittenberg/Desktop/dagger_excel/excel_thorobid/Dagger_IronCalc/base/src/functions/information.rs
7,ISLOGICAL,implemented,,,,,,,,,,,,yes,fn_islogical,/Users/maxwittenberg/Desktop/dagger_excel/excel_thorobid/Dagger_IronCalc/base/src/functions/information.rs
7,ISNA,implemented,,,,,,,,,,,,yes,fn_isna,/Users/maxwittenberg/Desktop/dagger_excel/excel_thorobid/Dagger_IronCalc/base/src/functions/information.rs
7,ISNONTEXT,implemented,,,,,,,,,,,,yes,fn_isnontext,/Users/maxwittenberg/Desktop/dagger_excel/excel_thorobid/Dagger_IronCalc/base/src/functions/information.rs
7,ISNUMBER,implemented,,,,,,,,,,,,yes,fn_isnumber,/Users/maxwittenberg/Desktop/dagger_excel/excel_thorobid/Dagger_IronCalc/base/src/functions/information.rs
7,ISO.CEILING,implemented,,,,,,,,,,,,yes,fn_iso_ceiling,/Users/maxwittenberg/Desktop/dagger_excel/excel_thorobid/Dagger_IronCalc/base/src/functions/mathematical.rs
7,ISODD,implemented,,,,,,,,,,,,yes,fn_isodd,/Users/maxwittenberg/Desktop/dagger_excel/excel_thorobid/Dagger_IronCalc/base/src/functions/information.rs
8,ISOMITTED,isomitted_basic,,,,A1,=ISOMITTED(1),FALSE,,,,,,no,,
8,ISOWEEKNUM,implemented,,,,,,,,,,,,yes,fn_isoweeknum,/Users/maxwittenberg/Desktop/dagger_excel/excel_thorobid/Dagger_IronCalc/base/src/functions/date_and_time.rs
8,ISPMT,implemented,,,,,,,,,,,,yes,fn_ispmt,/Users/maxwittenberg/Desktop/dagger_excel/excel_thorobid/Dagger_IronCalc/base/src/functions/financial.rs
8,ISREF,implemented,,,,,,,,,,,,yes,fn_isref,/Users/maxwittenberg/Desktop/dagger_excel/excel_thorobid/Dagger_IronCalc/base/src/functions/information.rs
8,ISTEXT,implemented,,,,,,,,,,,,yes,fn_istext,/Users/maxwittenberg/Desktop/dagger_excel/excel_thorobid/Dagger_IronCalc/base/src/functions/information.rs
8,ISURL,isurl_basic,,,,A1,"=ISURL(""https://example.com"")",TRUE,,A2,"=ISURL(""not a url"")",FALSE,,no,,
8,JIS,nimpl_basic,,,,A1,=JIS(1),#N/IMPL!,,,,,,no,,
8,JOIN,join_basic,,,,A1,"=JOIN("","",1,2,3)","1,2,3",,A2,"=JOIN(""-"",A1:A1)",1,A1=1,no,,
8,KURT,implemented,,,,,,,,,,,,yes,fn_kurt,/Users/maxwittenberg/Desktop/dagger_excel/excel_thorobid/Dagger_IronCalc/base/src/functions/statistical/count_and_average.rs
8,LAMBDA,nimpl_basic,,,,A1,=LAMBDA(1),#N/IMPL!,,,,,,no,,
8,LARGE,implemented,,,,,,,,,,,,yes,fn_large,/Users/maxwittenberg/Desktop/dagger_excel/excel_thorobid/Dagger_IronCalc/base/src/functions/statistical/count_and_average.rs
8,LCM,implemented,,,,,,,,,,,,yes,fn_lcm,/Users/maxwittenberg/Desktop/dagger_excel/excel_thorobid/Dagger_IronCalc/base/src/functions/mathematical.rs
8,LEFT,implemented,,,,,,,,,,,,yes,fn_left,/Users/maxwittenberg/Desktop/dagger_excel/excel_thorobid/Dagger_IronCalc/base/src/functions/text.rs
8,LEFTB,nimpl_basic,,,,A1,=LEFTB(1),#N/IMPL!,,,,,,no,,
8,LEN,implemented,,,,,,,,,,,,yes,fn_len,/Users/maxwittenberg/Desktop/dagger_excel/excel_thorobid/Dagger_IronCalc/base/src/functions/text.rs
8,LENB,nimpl_basic,,,,A1,=LENB(1),#N/IMPL!,,,,,,no,,
8,LET,nimpl_basic,,,,A1,=LET(1),#N/IMPL!,,,,,,no,,
8,LINEST,nimpl_basic,,,,A1,=LINEST(1),#N/IMPL!,,,,,,no,,
8,LN,implemented,,,,,,,,,,,,yes,fn_ln,/Users/maxwittenberg/Desktop/dagger_excel/excel_thorobid/Dagger_IronCalc/base/src/functions/mathematical.rs
8,LOG,implemented,,,,,,,,,,,,yes,fn_log,/Users/maxwittenberg/Desktop/dagger_excel/excel_thorobid/Dagger_IronCalc/base/src/functions/mathematical.rs
8,LOG10,implemented,,,,,,,,,,,,yes,fn_log10,/Users/maxwittenberg/Desktop/dagger_excel/excel_thorobid/Dagger_IronCalc/base/src/functions/mathematical.rs
8,LOGEST,nimpl_basic,,,,A1,=LOGEST(1),#N/IMPL!,,,,,,no,,
8,LOGNORM.DIST,implemented,,,,,,,,,,,,yes,fn_log_norm_dist,/Users/maxwittenberg/Desktop/dagger_excel/excel_thorobid/Dagger_IronCalc/base/src/functions/statistical/log_normal.rs
8,LOGNORM.INV,implemented,,,,,,,,,,,,yes,fn_log_norm_inv,/Users/maxwittenberg/Desktop/dagger_excel/excel_thorobid/Dagger_IronCalc/base/src/functions/statistical/log_normal.rs
8,LOOKUP,implemented,,,,,,,,,,,,yes,fn_lookup,/Users/maxwittenberg/Desktop/dagger_excel/excel_thorobid/Dagger_IronCalc/base/src/functions/lookup_and_reference.rs
8,LOWER,implemented,,,,,,,,,,,,yes,fn_lower,/Users/maxwittenberg/Desktop/dagger_excel/excel_thorobid/Dagger_IronCalc/base/src/functions/text.rs
8,LT,lt_basic,,,,A1,"=LT(1,2)",TRUE,,A2,"=LT(2,1)",FALSE,,no,,
8,LTE,lte_basic,,,,A1,"=LTE(2,2)",TRUE,,A2,"=LTE(3,2)",FALSE,,no,,
8,MAKEARRAY,nimpl_basic,,,,A1,=MAKEARRAY(1),#N/IMPL!,,,,,,no,,
8,MAP,nimpl_basic,,,,A1,=MAP(1),#N/IMPL!,,,,,,no,,
8,MARGINOFERROR,nimpl_basic,,,,A1,=MARGINOFERROR(1),#N/IMPL!,,,,,,no,,
8,MATCH,implemented,,,,,,,,,,,,yes,fn_match,/Users/maxwittenberg/Desktop/dagger_excel/excel_thorobid/Dagger_IronCalc/base/src/functions/lookup_and_reference.rs
8,MAX,implemented,,,,,,,,,,,,yes,fn_max,/Users/maxwittenberg/Desktop/dagger_excel/excel_thorobid/Dagger_IronCalc/base/src/functions/mathematical.rs
8,MAXA,implemented,,,,,,,,,,,,yes,fn_maxa,/Users/maxwittenberg/Desktop/dagger_excel/excel_thorobid/Dagger_IronCalc/base/src/functions/statistical/count_and_average.rs
8,MAXIFS,implemented,,,,,,,,,,,,yes,fn_maxifs,/Users/maxwittenberg/Desktop/dagger_excel/excel_thorobid/Dagger_IronCalc/base/src/functions/statistical/if_ifs.rs
8,MDETERM,nimpl_basic,,,,A1,=MDETERM(1),#N/IMPL!,,,,,,no,,
8,MDURATION,nimpl_basic,,,,A1,=MDURATION(1),#N/IMPL!,,,,,,no,,
8,MEDIAN,implemented,,,,,,,,,,,,yes,fn_median,/Users/maxwittenberg/Desktop/dagger_excel/excel_thorobid/Dagger_IronCalc/base/src/functions/statistical/count_and_average.rs
8,MID,implemented,,,,,,,,,,,,yes,fn_mid,/Users/maxwittenberg/Desktop/dagger_excel/excel_thorobid/Dagger_IronCalc/base/src/functions/text.rs
8,MIDB,nimpl_basic,,,,A1,=MIDB(1),#N/IMPL!,,,,,,no,,
9,MIN,implemented,,,,,,,,,,,,yes,fn_min,/Users/maxwittenberg/Desktop/dagger_excel/excel_thorobid/Dagger_IronCalc/base/src/functions/mathematical.rs
9,MINA,implemented,,,,,,,,,,,,yes,fn_mina,/Users/maxwittenberg/Desktop/dagger_excel/excel_thorobid/Dagger_IronCalc/base/src/functions/statistical/count_and_average.rs
9,MINIFS,implemented,,,,,,,,,,,,yes,fn_minifs,/Users/maxwittenberg/Desktop/dagger_excel/excel_thorobid/Dagger_IronCalc/base/src/functions/statistical/if_ifs.rs
9,MINUS,minus_basic,,,,A1,"=MINUS(5,3)",2,,A2,"=MINUS(3,5)",-2,,no,,
9,MINUTE,implemented,,,,,,,,,,,,yes,fn_minute,/Users/maxwittenberg/Desktop/dagger_excel/excel_thorobid/Dagger_IronCalc/base/src/functions/date_and_time.rs
9,MINVERSE,minverse_basic,,,,A1,"=SUM(MINVERSE({1,2;3,4}))",0,,,,,,no,,
9,MIRR,implemented,,,,,,,,,,,,yes,fn_mirr,/Users/maxwittenberg/Desktop/dagger_excel/excel_thorobid/Dagger_IronCalc/base/src/functions/financial.rs
9,MMULT,mmult_basic,,,,A1,"=SUM(MMULT({1,2},{3;4}))",11,,,,,,no,,
9,MOD,implemented,,,,,,,,,,,,yes,fn_mod,/Users/maxwittenberg/Desktop/dagger_excel/excel_thorobid/Dagger_IronCalc/base/src/functions/mathematical.rs
9,MODE,mode_basic,,,,A1,"=MODE(1,2,2,3)",2,,,,,,no,,
9,MODE.MULT,mode_basic,,,,A1,"=MODE.MULT(1,2,2,3)",2,,,,,,no,,
9,MODE.SNGL,mode_basic,,,,A1,"=MODE.SNGL(1,2,2,3)",2,,,,,,no,,
9,MONTH,implemented,,,,,,,,,,,,yes,fn_month,/Users/maxwittenberg/Desktop/dagger_excel/excel_thorobid/Dagger_IronCalc/base/src/functions/date_and_time.rs
9,MROUND,implemented,,,,,,,,,,,,yes,fn_mround,/Users/maxwittenberg/Desktop/dagger_excel/excel_thorobid/Dagger_IronCalc/base/src/functions/mathematical.rs
9,MULTINOMIAL,multinomial_basic,,,,A1,"=MULTINOMIAL(1,2,3)",60,,,,,,no,,
9,MULTIPLY,multiply_basic,,,,A1,"=MULTIPLY(2,3)",6,,A2,"=MULTIPLY(-2,3)",-6,,no,,
9,MUNIT,munit_basic,,,,A1,=SUM(MUNIT(2)),2,,,,,,no,,
9,N,implemented,,,,,,,,,,,,yes,fn_n,/Users/maxwittenberg/Desktop/dagger_excel/excel_thorobid/Dagger_IronCalc/base/src/functions/information.rs
9,NA,implemented,,,,,,,,,,,,yes,<inline>,/Users/maxwittenberg/Desktop/dagger_excel/excel_thorobid/Dagger_IronCalc/base/src/functions/mod.rs
9,NE,ne_basic,,,,A1,"=NE(1,2)",TRUE,,A2,"=NE(2,2)",FALSE,,no,,
9,NEGBINOM.DIST,implemented,,,,,,,,,,,,yes,fn_negbinom_dist,/Users/maxwittenberg/Desktop/dagger_excel/excel_thorobid/Dagger_IronCalc/base/src/functions/statistical/binom.rs
9,NEGBINOMDIST,implemented,,,,,,,,,,,,yes,fn_negbinom_dist,/Users/maxwittenberg/Desktop/dagger_excel/excel_thorobid/Dagger_IronCalc/base/src/functions/statistical/binom.rs
9,NETWORKDAYS,implemented,,,,,,,,,,,,yes,fn_networkdays,/Users/maxwittenberg/Desktop/dagger_excel/excel_thorobid/Dagger_IronCalc/base/src/functions/date_and_time.rs
9,NETWORKDAYS.INTL,implemented,,,,,,,,,,,,yes,fn_networkdays_intl,/Users/maxwittenberg/Desktop/dagger_excel/excel_thorobid/Dagger_IronCalc/base/src/functions/date_and_time.rs
9,NOMINAL,implemented,,,,,,,,,,,,yes,fn_nominal,/Users/maxwittenberg/Desktop/dagger_excel/excel_thorobid/Dagger_IronCalc/base/src/functions/financial.rs
9,NORM.DIST,implemented,,,,,,,,,,,,yes,fn_norm_dist,/Users/maxwittenberg/Desktop/dagger_excel/excel_thorobid/Dagger_IronCalc/base/src/functions/statistical/normal.rs
9,NORM.INV,implemented,,,,,,,,,,,,yes,fn_norm_inv,/Users/maxwittenberg/Desktop/dagger_excel/excel_thorobid/Dagger_IronCalc/base/src/functions/statistical/normal.rs
9,NORM.S.DIST,implemented,,,,,,,,,,,,yes,fn_norm_s_dist,/Users/maxwittenberg/Desktop/dagger_excel/excel_thorobid/Dagger_IronCalc/base/src/functions/statistical/normal.rs
9,NORM.S.INV,implemented,,,,,,,,,,,,yes,fn_norm_s_inv,/Users/maxwittenberg/Desktop/dagger_excel/excel_thorobid/Dagger_IronCalc/base/src/functions/statistical/normal.rs
9,NOT,implemented,,,,,,,,,,,,yes,fn_not,/Users/maxwittenberg/Desktop/dagger_excel/excel_thorobid/Dagger_IronCalc/base/src/functions/logical.rs
9,NOW,implemented,,,,,,,,,,,,yes,fn_now,/Users/maxwittenberg/Desktop/dagger_excel/excel_thorobid/Dagger_IronCalc/base/src/functions/date_and_time.rs
9,NPER,implemented,,,,,,,,,,,,yes,fn_nper,/Users/maxwittenberg/Desktop/dagger_excel/excel_thorobid/Dagger_IronCalc/base/src/functions/financial.rs
9,NPV,implemented,,,,,,,,,,,,yes,fn_npv,/Users/maxwittenberg/Desktop/dagger_excel/excel_thorobid/Dagger_IronCalc/base/src/functions/financial.rs
9,NUMBERVALUE,numbervalue_basic,,,,A1,"=NUMBERVALUE(""1,234.5"")",1234.5,,A2,"=NUMBERVALUE(""123"")",123,,no,,
9,OCT2BIN,implemented,,,,,,,,,,,,yes,fn_oct2bin,/Users/maxwittenberg/Desktop/dagger_excel/excel_thorobid/Dagger_IronCalc/base/src/functions/engineering/number_basis.rs
9,OCT2DEC,implemented,,,,,,,,,,,,yes,fn_oct2dec,/Users/maxwittenberg/Desktop/dagger_excel/excel_thorobid/Dagger_IronCalc/base/src/functions/engineering/number_basis.rs
9,OCT2HEX,implemented,,,,,,,,,,,,yes,fn_oct2hex,/Users/maxwittenberg/Desktop/dagger_excel/excel_thorobid/Dagger_IronCalc/base/src/functions/engineering/number_basis.rs
9,ODD,implemented,,,,,,,,,,,,yes,fn_odd,/Users/maxwittenberg/Desktop/dagger_excel/excel_thorobid/Dagger_IronCalc/base/src/functions/mathematical.rs
9,ODDFPRICE,oddfprice_basic,,,,A1,"=ODDFPRICE(1,2,3,4,0.05,100,2,0)",#N/IMPL!,,,,,,no,,
9,ODDFYIELD,oddfyield_basic,,,,A1,"=ODDFYIELD(1,2,3,4,95,100,2,0)",#N/IMPL!,,,,,,no,,
10,ODDLPRICE,unsupported_nimpl,,,,A1,=ODDLPRICE(1),#N/IMPL!,,,,,,no,,
10,ODDLYIELD,unsupported_nimpl,,,,A1,=ODDLYIELD(1),#N/IMPL!,,,,,,no,,
10,OFFSET,implemented,,,,,,,,,,,,yes,fn_offset,/Users/maxwittenberg/Desktop/dagger_excel/excel_thorobid/Dagger_IronCalc/base/src/functions/lookup_and_reference.rs
10,OR,implemented,,,,,,,,,,,,yes,fn_or,/Users/maxwittenberg/Desktop/dagger_excel/excel_thorobid/Dagger_IronCalc/base/src/functions/logical.rs
10,PDURATION,implemented,,,,,,,,,,,,yes,fn_pduration,/Users/maxwittenberg/Desktop/dagger_excel/excel_thorobid/Dagger_IronCalc/base/src/functions/financial.rs
10,PEARSON,implemented,,,,,,,,,,,,yes,fn_pearson,/Users/maxwittenberg/Desktop/dagger_excel/excel_thorobid/Dagger_IronCalc/base/src/functions/statistical/pearson.rs
10,PERCENTILE,unsupported_nimpl,,,,A1,=PERCENTILE(1),#N/IMPL!,,,,,,no,,
10,PERCENTILE.EXC,unsupported_nimpl,,,,A1,=PERCENTILE.EXC(1),#N/IMPL!,,,,,,no,,
10,PERCENTILE.INC,unsupported_nimpl,,,,A1,=PERCENTILE.INC(1),#N/IMPL!,,,,,,no,,
10,PERCENTRANK,unsupported_nimpl,,,,A1,=PERCENTRANK(1),#N/IMPL!,,,,,,no,,
10,PERCENTRANK.EXC,unsupported_nimpl,,,,A1,=PERCENTRANK.EXC(1),#N/IMPL!,,,,,,no,,
10,PERCENTRANK.INC,unsupported_nimpl,,,,A1,=PERCENTRANK.INC(1),#N/IMPL!,,,,,,no,,
10,PERMUT,unsupported_nimpl,,,,A1,=PERMUT(1),#N/IMPL!,,,,,,no,,
10,PERMUTATIONA,unsupported_nimpl,,,,A1,=PERMUTATIONA(1),#N/IMPL!,,,,,,no,,
10,PHI,implemented,,,,,,,,,,,,yes,fn_phi,/Users/maxwittenberg/Desktop/dagger_excel/excel_thorobid/Dagger_IronCalc/base/src/functions/statistical/phi.rs
10,PHONETIC,unsupported_nimpl,,,,A1,=PHONETIC(1),#N/IMPL!,,,,,,no,,
10,PI,implemented,,,,,,,,,,,,yes,fn_pi,/Users/maxwittenberg/Desktop/dagger_excel/excel_thorobid/Dagger_IronCalc/base/src/functions/mathematical.rs
10,PIVOTBY,unsupported_nimpl,,,,A1,=PIVOTBY(1),#N/IMPL!,,,,,,no,,
10,PMT,implemented,,,,,,,,,,,,yes,fn_pmt,/Users/maxwittenberg/Desktop/dagger_excel/excel_thorobid/Dagger_IronCalc/base/src/functions/financial.rs
10,POISSON.DIST,implemented,,,,,,,,,,,,yes,fn_poisson_dist,/Users/maxwittenberg/Desktop/dagger_excel/excel_thorobid/Dagger_IronCalc/base/src/functions/statistical/poisson.rs
10,POW,pow_basic,,,,A1,"=POW(2,3)",8,,A2,"=POW(9,0.5)",3,,no,,
10,POWER,implemented,,,,,,,,,,,,yes,fn_power,/Users/maxwittenberg/Desktop/dagger_excel/excel_thorobid/Dagger_IronCalc/base/src/functions/mathematical.rs
10,PPMT,implemented,,,,,,,,,,,,yes,fn_ppmt,/Users/maxwittenberg/Desktop/dagger_excel/excel_thorobid/Dagger_IronCalc/base/src/functions/financial.rs
10,PRICE,unsupported_nimpl,,,,A1,=PRICE(1),#N/IMPL!,,,,,,no,,
10,PRICEDISC,unsupported_nimpl,,,,A1,=PRICEDISC(1),#N/IMPL!,,,,,,no,,
10,PRICEMAT,unsupported_nimpl,,,,A1,=PRICEMAT(1),#N/IMPL!,,,,,,no,,
10,PROB,unsupported_nimpl,,,,A1,=PROB(1),#N/IMPL!,,,,,,no,,
10,PRODUCT,implemented,,,,,,,,,,,,yes,fn_product,/Users/maxwittenberg/Desktop/dagger_excel/excel_thorobid/Dagger_IronCalc/base/src/functions/mathematical.rs
10,PROPER,proper_basic,,,,A1,"=PROPER(""hello world"")",Hello World,,A2,"=PROPER(""mIxEd"")",Mixed,,no,,
10,PV,implemented,,,,,,,,,,,,yes,fn_pv,/Users/maxwittenberg/Desktop/dagger_excel/excel_thorobid/Dagger_IronCalc/base/src/functions/financial.rs
10,QUARTILE,unsupported_nimpl,,,,A1,=QUARTILE(1),#N/IMPL!,,,,,,no,,
10,QUARTILE.EXC,unsupported_nimpl,,,,A1,=QUARTILE.EXC(1),#N/IMPL!,,,,,,no,,
10,QUARTILE.INC,unsupported_nimpl,,,,A1,=QUARTILE.INC(1),#N/IMPL!,,,,,,no,,
10,QUERY,unsupported_nimpl,,,,A1,=QUERY(1),#N/IMPL!,,,,,,no,,
10,QUOTIENT,implemented,,,,,,,,,,,,yes,fn_quotient,/Users/maxwittenberg/Desktop/dagger_excel/excel_thorobid/Dagger_IronCalc/base/src/functions/mathematical.rs
10,RADIANS,implemented,,,,,,,,,,,,yes,fn_radians,/Users/maxwittenberg/Desktop/dagger_excel/excel_thorobid/Dagger_IronCalc/base/src/functions/mathematical.rs
10,RAND,implemented,,,,,,,,,,,,yes,fn_rand,/Users/maxwittenberg/Desktop/dagger_excel/excel_thorobid/Dagger_IronCalc/base/src/functions/mathematical.rs
10,RANDARRAY,unsupported_nimpl,,,,A1,=RANDARRAY(1),#N/IMPL!,,,,,,no,,
10,RANDBETWEEN,implemented,,,,,,,,,,,,yes,fn_randbetween,/Users/maxwittenberg/Desktop/dagger_excel/excel_thorobid/Dagger_IronCalc/base/src/functions/mathematical.rs
10,RANK,unsupported_nimpl,,,,A1,=RANK(1),#N/IMPL!,,,,,,no,,
11,RANK.AVG,implemented,,,,,,,,,,,,yes,fn_rank_avg,/Users/maxwittenberg/Desktop/dagger_excel/excel_thorobid/Dagger_IronCalc/base/src/functions/statistical/rank_eq_avg.rs
11,RANK.EQ,implemented,,,,,,,,,,,,yes,fn_rank_eq,/Users/maxwittenberg/Desktop/dagger_excel/excel_thorobid/Dagger_IronCalc/base/src/functions/statistical/rank_eq_avg.rs
11,RATE,implemented,,,,,,,,,,,,yes,fn_rate,/Users/maxwittenberg/Desktop/dagger_excel/excel_thorobid/Dagger_IronCalc/base/src/functions/financial.rs
11,RECEIVED,unsupported_nimpl,,,,A1,=RECEIVED(1),#N/IMPL!,,,,,,no,,
11,REDUCE,unsupported_nimpl,,,,A1,=REDUCE(1),#N/IMPL!,,,,,,no,,
11,REGEXEXTRACT,unsupported_nimpl,,,,A1,=REGEXEXTRACT(1),#N/IMPL!,,,,,,no,,
11,REGEXMATCH,unsupported_nimpl,,,,A1,=REGEXMATCH(1),#N/IMPL!,,,,,,no,,
11,REGEXREPLACE,unsupported_nimpl,,,,A1,=REGEXREPLACE(1),#N/IMPL!,,,,,,no,,
11,REGISTER.ID,unsupported_nimpl,,,,A1,=REGISTER.ID(1),#N/IMPL!,,,,,,no,,
11,REPLACE,unsupported_nimpl,,,,A1,=REPLACE(1),#N/IMPL!,,,,,,no,,
11,REPLACEB,unsupported_nimpl,,,,A1,=REPLACEB(1),#N/IMPL!,,,,,,no,,
11,REPT,implemented,,,,,,,,,,,,yes,fn_rept,/Users/maxwittenberg/Desktop/dagger_excel/excel_thorobid/Dagger_IronCalc/base/src/functions/text.rs
11,RIGHT,implemented,,,,,,,,,,,,yes,fn_right,/Users/maxwittenberg/Desktop/dagger_excel/excel_thorobid/Dagger_IronCalc/base/src/functions/text.rs
11,RIGHTB,unsupported_nimpl,,,,A1,=RIGHTB(1),#N/IMPL!,,,,,,no,,
11,ROMAN,implemented,,,,,,,,,,,,yes,fn_roman,/Users/maxwittenberg/Desktop/dagger_excel/excel_thorobid/Dagger_IronCalc/base/src/functions/mathematical.rs
11,ROUND,implemented,,,,,,,,,,,,yes,fn_round,/Users/maxwittenberg/Desktop/dagger_excel/excel_thorobid/Dagger_IronCalc/base/src/functions/mathematical.rs
11,ROUNDDOWN,implemented,,,,,,,,,,,,yes,fn_rounddown,/Users/maxwittenberg/Desktop/dagger_excel/excel_thorobid/Dagger_IronCalc/base/src/functions/mathematical.rs
11,ROUNDUP,implemented,,,,,,,,,,,,yes,fn_roundup,/Users/maxwittenberg/Desktop/dagger_excel/excel_thorobid/Dagger_IronCalc/base/src/functions/mathematical.rs
11,ROW,implemented,,,,,,,,,,,,yes,fn_row,/Users/maxwittenberg/Desktop/dagger_excel/excel_thorobid/Dagger_IronCalc/base/src/functions/lookup_and_reference.rs
11,ROWS,implemented,,,,,,,,,,,,yes,fn_rows,/Users/maxwittenberg/Desktop/dagger_excel/excel_thorobid/Dagger_IronCalc/base/src/functions/lookup_and_reference.rs
11,RRI,implemented,,,,,,,,,,,,yes,fn_rri,/Users/maxwittenberg/Desktop/dagger_excel/excel_thorobid/Dagger_IronCalc/base/src/functions/financial.rs
11,RSQ,implemented,,,,,,,,,,,,yes,fn_rsq,/Users/maxwittenberg/Desktop/dagger_excel/excel_thorobid/Dagger_IronCalc/base/src/functions/statistical/pearson.rs
11,RTD,unsupported_nimpl,,,,A1,=RTD(1),#N/IMPL!,,,,,,no,,
11,SCAN,unsupported_nimpl,,,,A1,=SCAN(1),#N/IMPL!,,,,,,no,,
11,SEARCH,implemented,,,,,,,,,,,,yes,fn_search,/Users/maxwittenberg/Desktop/dagger_excel/excel_thorobid/Dagger_IronCalc/base/src/functions/text.rs
11,SEARCHB,unsupported_nimpl,,,,A1,=SEARCHB(1),#N/IMPL!,,,,,,no,,
11,SEC,implemented,,,,,,,,,,,,yes,fn_sec,/Users/maxwittenberg/Desktop/dagger_excel/excel_thorobid/Dagger_IronCalc/base/src/functions/mathematical.rs
11,SECH,implemented,,,,,,,,,,,,yes,fn_sech,/Users/maxwittenberg/Desktop/dagger_excel/excel_thorobid/Dagger_IronCalc/base/src/functions/mathematical.rs
11,SECOND,implemented,,,,,,,,,,,,yes,fn_second,/Users/maxwittenberg/Desktop/dagger_excel/excel_thorobid/Dagger_IronCalc/base/src/functions/date_and_time.rs
11,SEQUENCE,unsupported_nimpl,,,,A1,=SEQUENCE(1),#N/IMPL!,,,,,,no,,
11,SERIESSUM,unsupported_nimpl,,,,A1,=SERIESSUM(1),#N/IMPL!,,,,,,no,,
11,SHEET,implemented,,,,,,,,,,,,yes,fn_sheet,/Users/maxwittenberg/Desktop/dagger_excel/excel_thorobid/Dagger_IronCalc/base/src/functions/information.rs
11,SHEETS,implemented,,,,,,,,,,,,yes,fn_sheets,/Users/maxwittenberg/Desktop/dagger_excel/excel_thorobid/Dagger_IronCalc/base/src/functions/information.rs
11,SIGN,implemented,,,,,,,,,,,,yes,fn_sign,/Users/maxwittenberg/Desktop/dagger_excel/excel_thorobid/Dagger_IronCalc/base/src/functions/mathematical.rs
11,SIN,implemented,,,,,,,,,,,,yes,fn_sin,/Users/maxwittenberg/Desktop/dagger_excel/excel_thorobid/Dagger_IronCalc/base/src/functions/mathematical.rs
11,SINH,implemented,,,,,,,,,,,,yes,fn_sinh,/Users/maxwittenberg/Desktop/dagger_excel/excel_thorobid/Dagger_IronCalc/base/src/functions/mathematical.rs
11,SKEW,implemented,,,,,,,,,,,,yes,fn_skew,/Users/maxwittenberg/Desktop/dagger_excel/excel_thorobid/Dagger_IronCalc/base/src/functions/statistical/count_and_average.rs
11,SKEW.P,implemented,,,,,,,,,,,,yes,fn_skew_p,/Users/maxwittenberg/Desktop/dagger_excel/excel_thorobid/Dagger_IronCalc/base/src/functions/statistical/count_and_average.rs
11,SLN,implemented,,,,,,,,,,,,yes,fn_sln,/Users/maxwittenberg/Desktop/dagger_excel/excel_thorobid/Dagger_IronCalc/base/src/functions/financial.rs
11,SLOPE,implemented,,,,,,,,,,,,yes,fn_slope,/Users/maxwittenberg/Desktop/dagger_excel/excel_thorobid/Dagger_IronCalc/base/src/functions/statistical/correl.rs
12,SMALL,implemented,,,,,,,,,,,,yes,fn_small,/Users/maxwittenberg/Desktop/dagger_excel/excel_thorobid/Dagger_IronCalc/base/src/functions/statistical/count_and_average.rs
12,SORT,unsupported_nimpl,,,,A1,=SORT(1),#N/IMPL!,,,,,,no,,
12,SORTBY,unsupported_nimpl,,,,A1,=SORTBY(1),#N/IMPL!,,,,,,no,,
12,SORTN,unsupported_nimpl,,,,A1,=SORTN(1),#N/IMPL!,,,,,,no,,
12,SPARKLINE,unsupported_nimpl,,,,A1,=SPARKLINE(1),#N/IMPL!,,,,,,no,,
12,SPLIT,unsupported_nimpl,,,,A1,=SPLIT(1),#N/IMPL!,,,,,,no,,
12,SQRT,implemented,,,,,,,,,,,,yes,fn_sqrt,/Users/maxwittenberg/Desktop/dagger_excel/excel_thorobid/Dagger_IronCalc/base/src/functions/mathematical.rs
12,SQRTPI,implemented,,,,,,,,,,,,yes,fn_sqrtpi,/Users/maxwittenberg/Desktop/dagger_excel/excel_thorobid/Dagger_IronCalc/base/src/functions/mathematical.rs
12,STANDARDIZE,implemented,,,,,,,,,,,,yes,fn_standardize,/Users/maxwittenberg/Desktop/dagger_excel/excel_thorobid/Dagger_IronCalc/base/src/functions/statistical/standardize.rs
12,STDEV.P,implemented,,,,,,,,,,,,yes,fn_stdev_p,/Users/maxwittenberg/Desktop/dagger_excel/excel_thorobid/Dagger_IronCalc/base/src/functions/statistical/standard_dev.rs
12,STDEV.S,implemented,,,,,,,,,,,,yes,fn_stdev_s,/Users/maxwittenberg/Desktop/dagger_excel/excel_thorobid/Dagger_IronCalc/base/src/functions/statistical/standard_dev.rs
12,STDEVA,implemented,,,,,,,,,,,,yes,fn_stdeva,/Users/maxwittenberg/Desktop/dagger_excel/excel_thorobid/Dagger_IronCalc/base/src/functions/statistical/standard_dev.rs
12,STDEVPA,implemented,,,,,,,,,,,,yes,fn_stdevpa,/Users/maxwittenberg/Desktop/dagger_excel/excel_thorobid/Dagger_IronCalc/base/src/functions/statistical/standard_dev.rs
12,STEYX,implemented,,,,,,,,,,,,yes,fn_steyx,/Users/maxwittenberg/Desktop/dagger_excel/excel_thorobid/Dagger_IronCalc/base/src/functions/statistical/correl.rs
12,STOCKHISTORY,unsupported_nimpl,,,,A1,=STOCKHISTORY(1),#N/IMPL!,,,,,,no,,
12,SUBSTITUTE,implemented,,,,,,,,,,,,yes,fn_substitute,/Users/maxwittenberg/Desktop/dagger_excel/excel_thorobid/Dagger_IronCalc/base/src/functions/text.rs
12,SUBTOTAL,implemented,,,,,,,,,,,,yes,fn_subtotal,/Users/maxwittenberg/Desktop/dagger_excel/excel_thorobid/Dagger_IronCalc/base/src/functions/subtotal.rs
12,SUM,implemented,,,,,,,,,,,,yes,fn_sum,/Users/maxwittenberg/Desktop/dagger_excel/excel_thorobid/Dagger_IronCalc/base/src/functions/mathematical.rs
12,SUMIF,implemented,,,,,,,,,,,,yes,fn_sumif,/Users/maxwittenberg/Desktop/dagger_excel/excel_thorobid/Dagger_IronCalc/base/src/functions/mathematical.rs
12,SUMIFS,implemented,,,,,,,,,,,,yes,fn_sumifs,/Users/maxwittenberg/Desktop/dagger_excel/excel_thorobid/Dagger_IronCalc/base/src/functions/mathematical.rs
12,SUMPRODUCT,unsupported_nimpl,,,,A1,=SUMPRODUCT(1),#N/IMPL!,,,,,,no,,
12,SUMSQ,implemented,,,,,,,,,,,,yes,fn_sumsq,/Users/maxwittenberg/Desktop/dagger_excel/excel_thorobid/Dagger_IronCalc/base/src/functions/mathematical.rs
12,SUMX2MY2,implemented,,,,,,,,,,,,yes,fn_sumx2my2,/Users/maxwittenberg/Desktop/dagger_excel/excel_thorobid/Dagger_IronCalc/base/src/functions/mathematical_sum.rs
12,SUMX2PY2,implemented,,,,,,,,,,,,yes,fn_sumx2py2,/Users/maxwittenberg/Desktop/dagger_excel/excel_thorobid/Dagger_IronCalc/base/src/functions/mathematical_sum.rs
12,SUMXMY2,implemented,,,,,,,,,,,,yes,fn_sumxmy2,/Users/maxwittenberg/Desktop/dagger_excel/excel_thorobid/Dagger_IronCalc/base/src/functions/mathematical_sum.rs
12,SWITCH,implemented,,,,,,,,,,,,yes,fn_switch,/Users/maxwittenberg/Desktop/dagger_excel/excel_thorobid/Dagger_IronCalc/base/src/functions/logical.rs
12,SYD,implemented,,,,,,,,,,,,yes,fn_syd,/Users/maxwittenberg/Desktop/dagger_excel/excel_thorobid/Dagger_IronCalc/base/src/functions/financial.rs
12,T,implemented,,,,,,,,,,,,yes,fn_t,/Users/maxwittenberg/Desktop/dagger_excel/excel_thorobid/Dagger_IronCalc/base/src/functions/text.rs
12,T.DIST,implemented,,,,,,,,,,,,yes,fn_t_dist,/Users/maxwittenberg/Desktop/dagger_excel/excel_thorobid/Dagger_IronCalc/base/src/functions/statistical/t_dist.rs
12,T.DIST.2T,implemented,,,,,,,,,,,,yes,fn_t_dist_2t,/Users/maxwittenberg/Desktop/dagger_excel/excel_thorobid/Dagger_IronCalc/base/src/functions/statistical/t_dist.rs
12,T.DIST.RT,implemented,,,,,,,,,,,,yes,fn_t_dist_rt,/Users/maxwittenberg/Desktop/dagger_excel/excel_thorobid/Dagger_IronCalc/base/src/functions/statistical/t_dist.rs
12,T.INV,implemented,,,,,,,,,,,,yes,fn_t_inv,/Users/maxwittenberg/Desktop/dagger_excel/excel_thorobid/Dagger_IronCalc/base/src/functions/statistical/t_dist.rs
12,T.INV.2T,implemented,,,,,,,,,,,,yes,fn_t_inv_2t,/Users/maxwittenberg/Desktop/dagger_excel/excel_thorobid/Dagger_IronCalc/base/src/functions/statistical/t_dist.rs
12,T.TEST,implemented,,,,,,,,,,,,yes,fn_t_test,/Users/maxwittenberg/Desktop/dagger_excel/excel_thorobid/Dagger_IronCalc/base/src/functions/statistical/t_dist.rs
12,TAKE,take_basic,,,,A1,"=SUM(TAKE({1,2;3,4},1,1))",1,,A2,"=SUM(TAKE({1,2;3,4},-1))",7,,no,,
12,TAN,implemented,,,,,,,,,,,,yes,fn_tan,/Users/maxwittenberg/Desktop/dagger_excel/excel_thorobid/Dagger_IronCalc/base/src/functions/mathematical.rs
12,TANH,implemented,,,,,,,,,,,,yes,fn_tanh,/Users/maxwittenberg/Desktop/dagger_excel/excel_thorobid/Dagger_IronCalc/base/src/functions/mathematical.rs
12,TBILLEQ,implemented,,,,,,,,,,,,yes,fn_tbilleq,/Users/maxwittenberg/Desktop/dagger_excel/excel_thorobid/Dagger_IronCalc/base/src/functions/financial.rs
12,TBILLPRICE,implemented,,,,,,,,,,,,yes,fn_tbillprice,/Users/maxwittenberg/Desktop/dagger_excel/excel_thorobid/Dagger_IronCalc/base/src/functions/financial.rs
12,TBILLYIELD,implemented,,,,,,,,,,,,yes,fn_tbillyield,/Users/maxwittenberg/Desktop/dagger_excel/excel_thorobid/Dagger_IronCalc/base/src/functions/financial.rs
13,TEXT,implemented,,,,,,,,,,,,yes,fn_text,/Users/maxwittenberg/Desktop/dagger_excel/excel_thorobid/Dagger_IronCalc/base/src/functions/text.rs
13,TEXTAFTER,implemented,,,,,,,,,,,,yes,fn_textafter,/Users/maxwittenberg/Desktop/dagger_excel/excel_thorobid/Dagger_IronCalc/base/src/functions/text.rs
13,TEXTBEFORE,implemented,,,,,,,,,,,,yes,fn_textbefore,/Users/maxwittenberg/Desktop/dagger_excel/excel_thorobid/Dagger_IronCalc/base/src/functions/text.rs
13,TEXTJOIN,implemented,,,,,,,,,,,,yes,fn_textjoin,/Users/maxwittenberg/Desktop/dagger_excel/excel_thorobid/Dagger_IronCalc/base/src/functions/text.rs
13,TEXTSPLIT,unsupported_nimpl,,,,A1,=TEXTSPLIT(1),#N/IMPL!,,,,,,no,,
13,TIME,implemented,,,,,,,,,,,,yes,fn_time,/Users/maxwittenberg/Desktop/dagger_excel/excel_thorobid/Dagger_IronCalc/base/src/functions/date_and_time.rs
13,TIMEVALUE,implemented,,,,,,,,,,,,yes,fn_timevalue,/Users/maxwittenberg/Desktop/dagger_excel/excel_thorobid/Dagger_IronCalc/base/src/functions/date_and_time.rs
13,TOCOL,tocol_basic,,,,A1,"=SUM(TOCOL({1,2;3,4}))",10,,,,,,no,,
13,TODAY,implemented,,,,,,,,,,,,yes,fn_today,/Users/maxwittenberg/Desktop/dagger_excel/excel_thorobid/Dagger_IronCalc/base/src/functions/date_and_time.rs
13,TOROW,torow_basic,,,,A1,"=SUM(TOROW({1,2;3,4}))",10,,,,,,no,,
13,TO_DATE,to_date_basic,,,,A1,"=TO_DATE(""2024-02-29"")",45351,,,,,,no,,
13,TO_DOLLARS,to_dollars_basic,,,,A1,=TO_DOLLARS(123.45),123.45,,,,,,no,,
13,TO_PERCENT,to_percent_basic,,,,A1,=TO_PERCENT(0.5),0.5,,,,,,no,,
13,TO_PURE_NUMBER,to_pure_number_basic,,,,A1,"=TO_PURE_NUMBER(""1,234.5"")",1234.5,,,,,,no,,
13,TO_TEXT,to_text_basic,,,,A1,=TO_TEXT(123.45),123.45,,,,,,no,,
13,TRANSPOSE,transpose_basic,,,,A1,"=SUM(TRANSPOSE({1,2;3,4}))",10,,,,,,no,,
13,TREND,unsupported_nimpl,,,,A1,=TREND(1),#N/IMPL!,,,,,,no,,
13,TRIM,implemented,,,,,,,,,,,,yes,fn_trim,/Users/maxwittenberg/Desktop/dagger_excel/excel_thorobid/Dagger_IronCalc/base/src/functions/text.rs
13,TRIMMEAN,unsupported_nimpl,,,,A1,=TRIMMEAN(1),#N/IMPL!,,,,,,no,,
13,TRIMRANGE,unsupported_nimpl,,,,A1,=TRIMRANGE(1),#N/IMPL!,,,,,,no,,
13,TRUE,implemented,,,,,,,,,,,,yes,fn_true,/Users/maxwittenberg/Desktop/dagger_excel/excel_thorobid/Dagger_IronCalc/base/src/functions/logical.rs
13,TRUNC,implemented,,,,,,,,,,,,yes,fn_trunc,/Users/maxwittenberg/Desktop/dagger_excel/excel_thorobid/Dagger_IronCalc/base/src/functions/mathematical.rs
13,TTEST,implemented,,,,,,,,,,,,yes,fn_t_test,/Users/maxwittenberg/Desktop/dagger_excel/excel_thorobid/Dagger_IronCalc/base/src/functions/statistical/t_dist.rs
13,TYPE,implemented,,,,,,,,,,,,yes,fn_type,/Users/maxwittenberg/Desktop/dagger_excel/excel_thorobid/Dagger_IronCalc/base/src/functions/information.rs
13,UMINUS,uminus_basic,,,,A1,=UMINUS(3),-3,,A2,=UMINUS(-2),2,,no,,
13,UNARY_PERCENT,unary_percent_basic,,,,A1,=UNARY_PERCENT(50),0.5,,A2,=UNARY_PERCENT(1),0.01,,no,,
13,UNICHAR,unichar_basic,,,,A1,=UNICHAR(65),A,,,,,,no,,
13,UNICODE,implemented,,,,,,,,,,,,yes,fn_unicode,/Users/maxwittenberg/Desktop/dagger_excel/excel_thorobid/Dagger_IronCalc/base/src/functions/text.rs
13,UNIQUE,unsupported_nimpl,,,,A1,=UNIQUE(1),#N/IMPL!,,,,,,no,,
13,UPLUS,uplus_basic,,,,A1,=UPLUS(-3),-3,,A2,=UPLUS(0),0,,no,,
13,UPPER,implemented,,,,,,,,,,,,yes,fn_upper,/Users/maxwittenberg/Desktop/dagger_excel/excel_thorobid/Dagger_IronCalc/base/src/functions/text.rs
13,VALUE,implemented,,,,,,,,,,,,yes,fn_value,/Users/maxwittenberg/Desktop/dagger_excel/excel_thorobid/Dagger_IronCalc/base/src/functions/text.rs
13,VALUETOTEXT,implemented,,,,,,,,,,,,yes,fn_valuetotext,/Users/maxwittenberg/Desktop/dagger_excel/excel_thorobid/Dagger_IronCalc/base/src/functions/text.rs
13,VAR.P,implemented,,,,,,,,,,,,yes,fn_var_p,/Users/maxwittenberg/Desktop/dagger_excel/excel_thorobid/Dagger_IronCalc/base/src/functions/statistical/variance.rs
13,VAR.S,implemented,,,,,,,,,,,,yes,fn_var_s,/Users/maxwittenberg/Desktop/dagger_excel/excel_thorobid/Dagger_IronCalc/base/src/functions/statistical/variance.rs
13,VARA,implemented,,,,,,,,,,,,yes,fn_vara,/Users/maxwittenberg/Desktop/dagger_excel/excel_thorobid/Dagger_IronCalc/base/src/functions/statistical/variance.rs
13,VARPA,implemented,,,,,,,,,,,,yes,fn_varpa,/Users/maxwittenberg/Desktop/dagger_excel/excel_thorobid/Dagger_IronCalc/base/src/functions/statistical/variance.rs
13,VDB,unsupported_nimpl,,,,A1,=VDB(1),#N/IMPL!,,,,,,no,,
13,VLOOKUP,implemented,,,,,,,,,,,,yes,fn_vlookup,/Users/maxwittenberg/Desktop/dagger_excel/excel_thorobid/Dagger_IronCalc/base/src/functions/lookup_and_reference.rs
13,VSTACK,vstack_basic,,,,A1,"=SUM(VSTACK({1,2},{3,4}))",10,,A2,"=SUM(VSTACK({1,2;3,4},{5,6;7,8}))",36,,no,,
14,WEBSERVICE,unsupported_nimpl,,,,A1,=WEBSERVICE(1),#N/IMPL!,,,,,,no,,
14,WEEKDAY,implemented,,,,,,,,,,,,yes,fn_weekday,/Users/maxwittenberg/Desktop/dagger_excel/excel_thorobid/Dagger_IronCalc/base/src/functions/date_and_time.rs
14,WEEKNUM,implemented,,,,,,,,,,,,yes,fn_weeknum,/Users/maxwittenberg/Desktop/dagger_excel/excel_thorobid/Dagger_IronCalc/base/src/functions/date_and_time.rs
14,WEIBULL.DIST,implemented,,,,,,,,,,,,yes,fn_weibull_dist,/Users/maxwittenberg/Desktop/dagger_excel/excel_thorobid/Dagger_IronCalc/base/src/functions/statistical/weibull.rs
14,WORKDAY,implemented,,,,,,,,,,,,yes,fn_workday,/Users/maxwittenberg/Desktop/dagger_excel/excel_thorobid/Dagger_IronCalc/base/src/functions/date_and_time.rs
14,WORKDAY.INTL,implemented,,,,,,,,,,,,yes,fn_workday_intl,/Users/maxwittenberg/Desktop/dagger_excel/excel_thorobid/Dagger_IronCalc/base/src/functions/date_and_time.rs
14,WRAPCOLS,wrapcols_basic,,,,A1,"=SUM(WRAPCOLS({1,2,3,4},2))",10,,,,,,no,,
14,WRAPROWS,wraprows_basic,,,,A1,"=SUM(WRAPROWS({1,2,3,4},2))",10,,,,,,no,,
14,XIRR,implemented,,,,,,,,,,,,yes,fn_xirr,/Users/maxwittenberg/Desktop/dagger_excel/excel_thorobid/Dagger_IronCalc/base/src/functions/financial.rs
14,XLOOKUP,implemented,,,,,,,,,,,,yes,fn_xlookup,/Users/maxwittenberg/Desktop/dagger_excel/excel_thorobid/Dagger_IronCalc/base/src/functions/xlookup.rs
14,XMATCH,unsupported_nimpl,,,,A1,=XMATCH(1),#N/IMPL!,,,,,,no,,
14,XNPV,implemented,,,,,,,,,,,,yes,fn_xnpv,/Users/maxwittenberg/Desktop/dagger_excel/excel_thorobid/Dagger_IronCalc/base/src/functions/financial.rs
14,XOR,implemented,,,,,,,,,,,,yes,fn_xor,/Users/maxwittenberg/Desktop/dagger_excel/excel_thorobid/Dagger_IronCalc/base/src/functions/logical.rs
14,YEAR,implemented,,,,,,,,,,,,yes,fn_year,/Users/maxwittenberg/Desktop/dagger_excel/excel_thorobid/Dagger_IronCalc/base/src/functions/date_and_time.rs
14,YEARFRAC,implemented,,,,,,,,,,,,yes,fn_yearfrac,/Users/maxwittenberg/Desktop/dagger_excel/excel_thorobid/Dagger_IronCalc/base/src/functions/date_and_time.rs
14,YIELD,unsupported_nimpl,,,,A1,=YIELD(1),#N/IMPL!,,,,,,no,,
14,YIELDDISC,unsupported_nimpl,,,,A1,=YIELDDISC(1),#N/IMPL!,,,,,,no,,
14,YIELDMAT,unsupported_nimpl,,,,A1,=YIELDMAT(1),#N/IMPL!,,,,,,no,,
14,Z.TEST,implemented,,,,,,,,,,,,yes,fn_z_test,/Users/maxwittenberg/Desktop/dagger_excel/excel_thorobid/Dagger_IronCalc/base/src/functions/statistical/z_test.rs
